image_stem,specimen_id,detection_id,instance_index,crop_file_token,kpt_index,kpt_name,kpt_group,x,y,x_crop,y_crop,conf,crop_x1,crop_y1,crop_x2,crop_y2
VT_2573061663_Ulmaceae_Ulmus_americana,15,746,0,VT_2573061663_Ulmaceae_Ulmus_americana__1207_928_1583_1553,0,lamina_tip,lamina,1345.634445,1543.567017,138.838913,615.447815,0.984854,1206.795532,928.119202,1582.635498,1552.830322
VT_2573061663_Ulmaceae_Ulmus_americana,15,746,0,VT_2573061663_Ulmaceae_Ulmus_americana__1207_928_1583_1553,1,apex_left,apex,1409.047501,1455.203186,202.251968,527.083984,0.98077,1206.795532,928.119202,1582.635498,1552.830322
VT_2573061663_Ulmaceae_Ulmus_americana,15,746,0,VT_2573061663_Ulmaceae_Ulmus_americana__1207_928_1583_1553,2,apex_center,apex,1345.437897,1544.49707,138.642365,616.377869,0.976696,1206.795532,928.119202,1582.635498,1552.830322
VT_2573061663_Ulmaceae_Ulmus_americana,15,746,0,VT_2573061663_Ulmaceae_Ulmus_americana__1207_928_1583_1553,3,apex_right,apex,1298.196472,1445.296448,91.40094,517.177246,0.981319,1206.795532,928.119202,1582.635498,1552.830322
VT_2573061663_Ulmaceae_Ulmus_americana,15,746,0,VT_2573061663_Ulmaceae_Ulmus_americana__1207_928_1583_1553,4,midvein_0,midvein,1345.352646,1543.729126,138.557114,615.609924,0.986057,1206.795532,928.119202,1582.635498,1552.830322
VT_2573061663_Ulmaceae_Ulmus_americana,15,746,0,VT_2573061663_Ulmaceae_Ulmus_americana__1207_928_1583_1553,5,midvein_1,midvein,1349.37767,1503.775513,142.582138,575.656311,0.993084,1206.795532,928.119202,1582.635498,1552.830322
VT_2573061663_Ulmaceae_Ulmus_americana,15,746,0,VT_2573061663_Ulmaceae_Ulmus_americana__1207_928_1583_1553,6,midvein_2,midvein,1354.298782,1462.457214,147.50325,534.338013,0.99444,1206.795532,928.119202,1582.635498,1552.830322
VT_2573061663_Ulmaceae_Ulmus_americana,15,746,0,VT_2573061663_Ulmaceae_Ulmus_americana__1207_928_1583_1553,7,midvein_3,midvein,1359.947479,1420.872559,153.151947,492.753357,0.995105,1206.795532,928.119202,1582.635498,1552.830322
VT_2573061663_Ulmaceae_Ulmus_americana,15,746,0,VT_2573061663_Ulmaceae_Ulmus_americana__1207_928_1583_1553,8,midvein_4,midvein,1366.346451,1379.460938,159.550919,451.341736,0.994929,1206.795532,928.119202,1582.635498,1552.830322
VT_2573061663_Ulmaceae_Ulmus_americana,15,746,0,VT_2573061663_Ulmaceae_Ulmus_americana__1207_928_1583_1553,9,midvein_5,midvein,1373.576706,1338.458923,166.781174,410.339722,0.994709,1206.795532,928.119202,1582.635498,1552.830322
VT_2573061663_Ulmaceae_Ulmus_americana,15,746,0,VT_2573061663_Ulmaceae_Ulmus_americana__1207_928_1583_1553,10,midvein_6,midvein,1381.625153,1297.889099,174.82962,369.769897,0.994545,1206.795532,928.119202,1582.635498,1552.830322
VT_2573061663_Ulmaceae_Ulmus_americana,15,746,0,VT_2573061663_Ulmaceae_Ulmus_americana__1207_928_1583_1553,11,midvein_7,midvein,1390.275208,1257.409882,183.479675,329.29068,0.994417,1206.795532,928.119202,1582.635498,1552.830322
VT_2573061663_Ulmaceae_Ulmus_americana,15,746,0,VT_2573061663_Ulmaceae_Ulmus_americana__1207_928_1583_1553,12,midvein_8,midvein,1399.882553,1217.1138,193.087021,288.994598,0.994146,1206.795532,928.119202,1582.635498,1552.830322
VT_2573061663_Ulmaceae_Ulmus_americana,15,746,0,VT_2573061663_Ulmaceae_Ulmus_americana__1207_928_1583_1553,13,midvein_9,midvein,1410.233047,1177.260834,203.437515,249.141632,0.993699,1206.795532,928.119202,1582.635498,1552.830322
VT_2573061663_Ulmaceae_Ulmus_americana,15,746,0,VT_2573061663_Ulmaceae_Ulmus_americana__1207_928_1583_1553,14,midvein_10,midvein,1421.318954,1137.636475,214.523422,209.517273,0.993321,1206.795532,928.119202,1582.635498,1552.830322
VT_2573061663_Ulmaceae_Ulmus_americana,15,746,0,VT_2573061663_Ulmaceae_Ulmus_americana__1207_928_1583_1553,15,midvein_11,midvein,1433.199371,1098.176834,226.403839,170.057632,0.993049,1206.795532,928.119202,1582.635498,1552.830322
VT_2573061663_Ulmaceae_Ulmus_americana,15,746,0,VT_2573061663_Ulmaceae_Ulmus_americana__1207_928_1583_1553,16,midvein_12,midvein,1445.963959,1058.848709,239.168427,130.729507,0.99258,1206.795532,928.119202,1582.635498,1552.830322
VT_2573061663_Ulmaceae_Ulmus_americana,15,746,0,VT_2573061663_Ulmaceae_Ulmus_americana__1207_928_1583_1553,17,midvein_13,midvein,1459.513123,1019.546219,252.71759,91.427017,0.991582,1206.795532,928.119202,1582.635498,1552.830322
VT_2573061663_Ulmaceae_Ulmus_americana,15,746,0,VT_2573061663_Ulmaceae_Ulmus_americana__1207_928_1583_1553,18,midvein_14,midvein,1473.594299,980.265495,266.798767,52.146294,0.988135,1206.795532,928.119202,1582.635498,1552.830322
VT_2573061663_Ulmaceae_Ulmus_americana,15,746,0,VT_2573061663_Ulmaceae_Ulmus_americana__1207_928_1583_1553,19,base_left,base,1509.139282,1003.23613,302.34375,75.116928,0.955385,1206.795532,928.119202,1582.635498,1552.830322
VT_2573061663_Ulmaceae_Ulmus_americana,15,746,0,VT_2573061663_Ulmaceae_Ulmus_americana__1207_928_1583_1553,20,base_center,base,1473.837952,979.71109,267.042419,51.591888,0.968705,1206.795532,928.119202,1582.635498,1552.830322
VT_2573061663_Ulmaceae_Ulmus_americana,15,746,0,VT_2573061663_Ulmaceae_Ulmus_americana__1207_928_1583_1553,21,base_right,base,1420.744125,971.060249,213.948593,42.941048,0.954816,1206.795532,928.119202,1582.635498,1552.830322
VT_2573061663_Ulmaceae_Ulmus_americana,15,746,0,VT_2573061663_Ulmaceae_Ulmus_americana__1207_928_1583_1553,22,lamina_base,lamina,1473.52829,980.168282,266.732758,52.04908,0.987233,1206.795532,928.119202,1582.635498,1552.830322
VT_2573061663_Ulmaceae_Ulmus_americana,15,746,0,VT_2573061663_Ulmaceae_Ulmus_americana__1207_928_1583_1553,23,petiole_0,petiole,1473.498291,980.264496,266.702759,52.145294,0.926288,1206.795532,928.119202,1582.635498,1552.830322
VT_2573061663_Ulmaceae_Ulmus_americana,15,746,0,VT_2573061663_Ulmaceae_Ulmus_americana__1207_928_1583_1553,24,petiole_1,petiole,1475.640747,970.768013,268.845215,42.648811,0.921854,1206.795532,928.119202,1582.635498,1552.830322
VT_2573061663_Ulmaceae_Ulmus_americana,15,746,0,VT_2573061663_Ulmaceae_Ulmus_americana__1207_928_1583_1553,25,petiole_2,petiole,1477.013092,961.939613,270.21756,33.820412,0.917812,1206.795532,928.119202,1582.635498,1552.830322
VT_2573061663_Ulmaceae_Ulmus_americana,15,746,0,VT_2573061663_Ulmaceae_Ulmus_americana__1207_928_1583_1553,26,petiole_3,petiole,1477.867004,954.094894,271.071472,25.975693,0.916292,1206.795532,928.119202,1582.635498,1552.830322
VT_2573061663_Ulmaceae_Ulmus_americana,15,746,0,VT_2573061663_Ulmaceae_Ulmus_americana__1207_928_1583_1553,27,petiole_4,petiole,1478.661438,947.677948,271.865906,19.558746,0.904476,1206.795532,928.119202,1582.635498,1552.830322
VT_2573061663_Ulmaceae_Ulmus_americana,15,746,0,VT_2573061663_Ulmaceae_Ulmus_americana__1207_928_1583_1553,28,petiole_tip,petiole,1479.720398,948.707329,272.924866,20.588127,0.891814,1206.795532,928.119202,1582.635498,1552.830322
VT_2573061663_Ulmaceae_Ulmus_americana,15,746,0,VT_2573061663_Ulmaceae_Ulmus_americana__1207_928_1583_1553,29,width_left,width,1559.104767,1252.251251,352.309235,324.13205,0.979768,1206.795532,928.119202,1582.635498,1552.830322
VT_2573061663_Ulmaceae_Ulmus_americana,15,746,0,VT_2573061663_Ulmaceae_Ulmus_americana__1207_928_1583_1553,30,width_right,width,1230.376316,1176.401947,23.580784,248.282745,0.98043,1206.795532,928.119202,1582.635498,1552.830322
VT_2573061663_Ulmaceae_Ulmus_americana,15,747,0,VT_2573061663_Ulmaceae_Ulmus_americana__1086_1595_1439_1898,0,lamina_tip,lamina,1099.783482,1863.843323,13.960484,268.783508,0.979005,1085.822998,1595.059814,1438.828247,1897.905884
VT_2573061663_Ulmaceae_Ulmus_americana,15,747,0,VT_2573061663_Ulmaceae_Ulmus_americana__1086_1595_1439_1898,1,apex_left,apex,1147.773582,1872.248627,61.950584,277.188812,0.96582,1085.822998,1595.059814,1438.828247,1897.905884
VT_2573061663_Ulmaceae_Ulmus_americana,15,747,0,VT_2573061663_Ulmaceae_Ulmus_americana__1086_1595_1439_1898,2,apex_center,apex,1099.525082,1864.000641,13.702084,268.940826,0.967056,1085.822998,1595.059814,1438.828247,1897.905884
VT_2573061663_Ulmaceae_Ulmus_americana,15,747,0,VT_2573061663_Ulmaceae_Ulmus_americana__1086_1595_1439_1898,3,apex_right,apex,1115.627617,1816.739761,29.804619,221.679947,0.967742,1085.822998,1595.059814,1438.828247,1897.905884
VT_2573061663_Ulmaceae_Ulmus_americana,15,747,0,VT_2573061663_Ulmaceae_Ulmus_americana__1086_1595_1439_1898,4,midvein_0,midvein,1099.641243,1864.025452,13.818245,268.965637,0.987374,1085.822998,1595.059814,1438.828247,1897.905884
VT_2573061663_Ulmaceae_Ulmus_americana,15,747,0,VT_2573061663_Ulmaceae_Ulmus_americana__1086_1595_1439_1898,5,midvein_1,midvein,1121.723145,1850.951019,35.900146,255.891205,0.995685,1085.822998,1595.059814,1438.828247,1897.905884
VT_2573061663_Ulmaceae_Ulmus_americana,15,747,0,VT_2573061663_Ulmaceae_Ulmus_americana__1086_1595_1439_1898,6,midvein_2,midvein,1143.045998,1837.460693,57.223,242.400879,0.997017,1085.822998,1595.059814,1438.828247,1897.905884
VT_2573061663_Ulmaceae_Ulmus_americana,15,747,0,VT_2573061663_Ulmaceae_Ulmus_americana__1086_1595_1439_1898,7,midvein_3,midvein,1163.971733,1823.561981,78.148735,228.502167,0.997213,1085.822998,1595.059814,1438.828247,1897.905884
VT_2573061663_Ulmaceae_Ulmus_americana,15,747,0,VT_2573061663_Ulmaceae_Ulmus_americana__1086_1595_1439_1898,8,midvein_4,midvein,1184.651321,1809.280792,98.828323,214.220978,0.996948,1085.822998,1595.059814,1438.828247,1897.905884
VT_2573061663_Ulmaceae_Ulmus_americana,15,747,0,VT_2573061663_Ulmaceae_Ulmus_americana__1086_1595_1439_1898,9,midvein_5,midvein,1205.167526,1794.731842,119.344528,199.672028,0.996616,1085.822998,1595.059814,1438.828247,1897.905884
VT_2573061663_Ulmaceae_Ulmus_americana,15,747,0,VT_2573061663_Ulmaceae_Ulmus_americana__1086_1595_1439_1898,10,midvein_6,midvein,1225.695572,1780.158936,139.872574,185.099121,0.996287,1085.822998,1595.059814,1438.828247,1897.905884
VT_2573061663_Ulmaceae_Ulmus_americana,15,747,0,VT_2573061663_Ulmaceae_Ulmus_americana__1086_1595_1439_1898,11,midvein_7,midvein,1246.354523,1765.565796,160.531525,170.505981,0.995955,1085.822998,1595.059814,1438.828247,1897.905884
VT_2573061663_Ulmaceae_Ulmus_americana,15,747,0,VT_2573061663_Ulmaceae_Ulmus_americana__1086_1595_1439_1898,12,midvein_8,midvein,1267.162003,1751.252594,181.339005,156.19278,0.995568,1085.822998,1595.059814,1438.828247,1897.905884
VT_2573061663_Ulmaceae_Ulmus_americana,15,747,0,VT_2573061663_Ulmaceae_Ulmus_americana__1086_1595_1439_1898,13,midvein_9,midvein,1288.283737,1737.441315,202.460739,142.3815,0.995191,1085.822998,1595.059814,1438.828247,1897.905884
VT_2573061663_Ulmaceae_Ulmus_americana,15,747,0,VT_2573061663_Ulmaceae_Ulmus_americana__1086_1595_1439_1898,14,midvein_10,midvein,1309.7229,1724.08345,223.899902,129.023636,0.995019,1085.822998,1595.059814,1438.828247,1897.905884
VT_2573061663_Ulmaceae_Ulmus_americana,15,747,0,VT_2573061663_Ulmaceae_Ulmus_americana__1086_1595_1439_1898,15,midvein_11,midvein,1331.443848,1711.260117,245.62085,116.200302,0.995064,1085.822998,1595.059814,1438.828247,1897.905884
VT_2573061663_Ulmaceae_Ulmus_americana,15,747,0,VT_2573061663_Ulmaceae_Ulmus_americana__1086_1595_1439_1898,16,midvein_12,midvein,1353.52417,1699.051865,267.701172,103.99205,0.99501,1085.822998,1595.059814,1438.828247,1897.905884
VT_2573061663_Ulmaceae_Ulmus_americana,15,747,0,VT_2573061663_Ulmaceae_Ulmus_americana__1086_1595_1439_1898,17,midvein_13,midvein,1375.867676,1687.464737,290.044678,92.404922,0.994457,1085.822998,1595.059814,1438.828247,1897.905884
VT_2573061663_Ulmaceae_Ulmus_americana,15,747,0,VT_2573061663_Ulmaceae_Ulmus_americana__1086_1595_1439_1898,18,midvein_14,midvein,1398.244171,1676.289795,312.421173,81.22998,0.991477,1085.822998,1595.059814,1438.828247,1897.905884
VT_2573061663_Ulmaceae_Ulmus_americana,15,747,0,VT_2573061663_Ulmaceae_Ulmus_americana__1086_1595_1439_1898,19,base_left,base,1412.862244,1691.836823,327.039246,96.777008,0.963136,1085.822998,1595.059814,1438.828247,1897.905884
VT_2573061663_Ulmaceae_Ulmus_americana,15,747,0,VT_2573061663_Ulmaceae_Ulmus_americana__1086_1595_1439_1898,20,base_center,base,1398.408783,1676.426956,312.585785,81.367142,0.980554,1085.822998,1595.059814,1438.828247,1897.905884
VT_2573061663_Ulmaceae_Ulmus_americana,15,747,0,VT_2573061663_Ulmaceae_Ulmus_americana__1086_1595_1439_1898,21,base_right,base,1395.055786,1649.69062,309.232788,54.630806,0.963669,1085.822998,1595.059814,1438.828247,1897.905884
VT_2573061663_Ulmaceae_Ulmus_americana,15,747,0,VT_2573061663_Ulmaceae_Ulmus_americana__1086_1595_1439_1898,22,lamina_base,lamina,1398.145569,1676.37336,312.322571,81.313545,0.993892,1085.822998,1595.059814,1438.828247,1897.905884
VT_2573061663_Ulmaceae_Ulmus_americana,15,747,0,VT_2573061663_Ulmaceae_Ulmus_americana__1086_1595_1439_1898,23,petiole_0,petiole,1398.185669,1676.371445,312.362671,81.31163,0.976534,1085.822998,1595.059814,1438.828247,1897.905884
VT_2573061663_Ulmaceae_Ulmus_americana,15,747,0,VT_2573061663_Ulmaceae_Ulmus_americana__1086_1595_1439_1898,24,petiole_1,petiole,1404.588104,1673.344429,318.765106,78.284615,0.97221,1085.822998,1595.059814,1438.828247,1897.905884
VT_2573061663_Ulmaceae_Ulmus_americana,15,747,0,VT_2573061663_Ulmaceae_Ulmus_americana__1086_1595_1439_1898,25,petiole_2,petiole,1410.403046,1670.175819,324.580048,75.116005,0.966952,1085.822998,1595.059814,1438.828247,1897.905884
VT_2573061663_Ulmaceae_Ulmus_americana,15,747,0,VT_2573061663_Ulmaceae_Ulmus_americana__1086_1595_1439_1898,26,petiole_3,petiole,1415.787872,1666.81485,329.964874,71.755035,0.961834,1085.822998,1595.059814,1438.828247,1897.905884
VT_2573061663_Ulmaceae_Ulmus_americana,15,747,0,VT_2573061663_Ulmaceae_Ulmus_americana__1086_1595_1439_1898,27,petiole_4,petiole,1420.64624,1663.181915,334.823242,68.122101,0.947407,1085.822998,1595.059814,1438.828247,1897.905884
VT_2573061663_Ulmaceae_Ulmus_americana,15,747,0,VT_2573061663_Ulmaceae_Ulmus_americana__1086_1595_1439_1898,28,petiole_tip,petiole,1420.677551,1664.166725,334.854553,69.106911,0.946606,1085.822998,1595.059814,1438.828247,1897.905884
VT_2573061663_Ulmaceae_Ulmus_americana,15,747,0,VT_2573061663_Ulmaceae_Ulmus_americana__1086_1595_1439_1898,29,width_left,width,1340.889435,1836.740692,255.066437,241.680878,0.968144,1085.822998,1595.059814,1438.828247,1897.905884
VT_2573061663_Ulmaceae_Ulmus_americana,15,747,0,VT_2573061663_Ulmaceae_Ulmus_americana__1086_1595_1439_1898,30,width_right,width,1212.804001,1639.84301,126.981003,44.783195,0.972283,1085.822998,1595.059814,1438.828247,1897.905884
VT_2573061663_Ulmaceae_Ulmus_americana,15,747,1,VT_2573061663_Ulmaceae_Ulmus_americana__1086_1595_1439_1898,0,lamina_tip,lamina,1099.807323,1863.651001,13.984325,268.591187,0.979714,1085.822998,1595.059814,1438.828247,1897.905884
VT_2573061663_Ulmaceae_Ulmus_americana,15,747,1,VT_2573061663_Ulmaceae_Ulmus_americana__1086_1595_1439_1898,1,apex_left,apex,1147.864708,1871.421997,62.04171,276.362183,0.971983,1085.822998,1595.059814,1438.828247,1897.905884
VT_2573061663_Ulmaceae_Ulmus_americana,15,747,1,VT_2573061663_Ulmaceae_Ulmus_americana__1086_1595_1439_1898,2,apex_center,apex,1099.456284,1863.725525,13.633286,268.66571,0.970766,1085.822998,1595.059814,1438.828247,1897.905884
VT_2573061663_Ulmaceae_Ulmus_americana,15,747,1,VT_2573061663_Ulmaceae_Ulmus_americana__1086_1595_1439_1898,3,apex_right,apex,1115.391701,1817.271286,29.568703,222.211472,0.972346,1085.822998,1595.059814,1438.828247,1897.905884
VT_2573061663_Ulmaceae_Ulmus_americana,15,747,1,VT_2573061663_Ulmaceae_Ulmus_americana__1086_1595_1439_1898,4,midvein_0,midvein,1099.710083,1863.895813,13.887085,268.835999,0.987146,1085.822998,1595.059814,1438.828247,1897.905884
VT_2573061663_Ulmaceae_Ulmus_americana,15,747,1,VT_2573061663_Ulmaceae_Ulmus_americana__1086_1595_1439_1898,5,midvein_1,midvein,1121.137787,1851.289734,35.314789,256.229919,0.995458,1085.822998,1595.059814,1438.828247,1897.905884
VT_2573061663_Ulmaceae_Ulmus_americana,15,747,1,VT_2573061663_Ulmaceae_Ulmus_americana__1086_1595_1439_1898,6,midvein_2,midvein,1142.448181,1837.845856,56.625183,242.786041,0.996883,1085.822998,1595.059814,1438.828247,1897.905884
VT_2573061663_Ulmaceae_Ulmus_americana,15,747,1,VT_2573061663_Ulmaceae_Ulmus_americana__1086_1595_1439_1898,7,midvein_3,midvein,1163.529625,1823.733887,77.706627,228.674072,0.997214,1085.822998,1595.059814,1438.828247,1897.905884
VT_2573061663_Ulmaceae_Ulmus_americana,15,747,1,VT_2573061663_Ulmaceae_Ulmus_americana__1086_1595_1439_1898,8,midvein_4,midvein,1184.369339,1809.217606,98.546341,214.157791,0.99709,1085.822998,1595.059814,1438.828247,1897.905884
VT_2573061663_Ulmaceae_Ulmus_americana,15,747,1,VT_2573061663_Ulmaceae_Ulmus_americana__1086_1595_1439_1898,9,midvein_5,midvein,1205.019241,1794.589371,119.196243,199.529556,0.996915,1085.822998,1595.059814,1438.828247,1897.905884
VT_2573061663_Ulmaceae_Ulmus_americana,15,747,1,VT_2573061663_Ulmaceae_Ulmus_americana__1086_1595_1439_1898,10,midvein_6,midvein,1225.6828,1780.022873,139.859802,184.963058,0.996768,1085.822998,1595.059814,1438.828247,1897.905884
VT_2573061663_Ulmaceae_Ulmus_americana,15,747,1,VT_2573061663_Ulmaceae_Ulmus_americana__1086_1595_1439_1898,11,midvein_7,midvein,1246.349319,1765.480194,160.526321,170.42038,0.996603,1085.822998,1595.059814,1438.828247,1897.905884
VT_2573061663_Ulmaceae_Ulmus_americana,15,747,1,VT_2573061663_Ulmaceae_Ulmus_americana__1086_1595_1439_1898,12,midvein_8,midvein,1267.165359,1751.297104,181.342361,156.237289,0.996356,1085.822998,1595.059814,1438.828247,1897.905884
VT_2573061663_Ulmaceae_Ulmus_americana,15,747,1,VT_2573061663_Ulmaceae_Ulmus_americana__1086_1595_1439_1898,13,midvein_9,midvein,1288.271591,1737.559479,202.448593,142.499664,0.996048,1085.822998,1595.059814,1438.828247,1897.905884
VT_2573061663_Ulmaceae_Ulmus_americana,15,747,1,VT_2573061663_Ulmaceae_Ulmus_americana__1086_1595_1439_1898,14,midvein_10,midvein,1309.679474,1724.255768,223.856476,129.195953,0.995821,1085.822998,1595.059814,1438.828247,1897.905884
VT_2573061663_Ulmaceae_Ulmus_americana,15,747,1,VT_2573061663_Ulmaceae_Ulmus_americana__1086_1595_1439_1898,15,midvein_11,midvein,1331.350006,1711.460861,245.527008,116.401047,0.99571,1085.822998,1595.059814,1438.828247,1897.905884
VT_2573061663_Ulmaceae_Ulmus_americana,15,747,1,VT_2573061663_Ulmaceae_Ulmus_americana__1086_1595_1439_1898,16,midvein_12,midvein,1353.365417,1699.248795,267.542419,104.18898,0.995547,1085.822998,1595.059814,1438.828247,1897.905884
VT_2573061663_Ulmaceae_Ulmus_americana,15,747,1,VT_2573061663_Ulmaceae_Ulmus_americana__1086_1595_1439_1898,17,midvein_13,midvein,1375.688019,1687.578926,289.865021,92.519112,0.995062,1085.822998,1595.059814,1438.828247,1897.905884
VT_2573061663_Ulmaceae_Ulmus_americana,15,747,1,VT_2573061663_Ulmaceae_Ulmus_americana__1086_1595_1439_1898,18,midvein_14,midvein,1398.252014,1676.396561,312.429016,81.336746,0.993037,1085.822998,1595.059814,1438.828247,1897.905884
VT_2573061663_Ulmaceae_Ulmus_americana,15,747,1,VT_2573061663_Ulmaceae_Ulmus_americana__1086_1595_1439_1898,19,base_left,base,1413.250885,1692.10685,327.427887,97.047035,0.967922,1085.822998,1595.059814,1438.828247,1897.905884
VT_2573061663_Ulmaceae_Ulmus_americana,15,747,1,VT_2573061663_Ulmaceae_Ulmus_americana__1086_1595_1439_1898,20,base_center,base,1398.303192,1676.654053,312.480194,81.594238,0.983974,1085.822998,1595.059814,1438.828247,1897.905884
VT_2573061663_Ulmaceae_Ulmus_americana,15,747,1,VT_2573061663_Ulmaceae_Ulmus_americana__1086_1595_1439_1898,21,base_right,base,1394.121124,1650.090736,308.298126,55.030922,0.968018,1085.822998,1595.059814,1438.828247,1897.905884
VT_2573061663_Ulmaceae_Ulmus_americana,15,747,1,VT_2573061663_Ulmaceae_Ulmus_americana__1086_1595_1439_1898,22,lamina_base,lamina,1398.106476,1676.529305,312.283478,81.46949,0.994821,1085.822998,1595.059814,1438.828247,1897.905884
VT_2573061663_Ulmaceae_Ulmus_americana,15,747,1,VT_2573061663_Ulmaceae_Ulmus_americana__1086_1595_1439_1898,23,petiole_0,petiole,1398.132416,1676.567719,312.309418,81.507904,0.977191,1085.822998,1595.059814,1438.828247,1897.905884
VT_2573061663_Ulmaceae_Ulmus_americana,15,747,1,VT_2573061663_Ulmaceae_Ulmus_americana__1086_1595_1439_1898,24,petiole_1,petiole,1404.689117,1673.239845,318.866119,78.180031,0.975283,1085.822998,1595.059814,1438.828247,1897.905884
VT_2573061663_Ulmaceae_Ulmus_americana,15,747,1,VT_2573061663_Ulmaceae_Ulmus_americana__1086_1595_1439_1898,25,petiole_2,petiole,1410.697174,1669.946465,324.874176,74.88665,0.972313,1085.822998,1595.059814,1438.828247,1897.905884
VT_2573061663_Ulmaceae_Ulmus_americana,15,747,1,VT_2573061663_Ulmaceae_Ulmus_americana__1086_1595_1439_1898,26,petiole_3,petiole,1416.246796,1666.820717,330.423798,71.760902,0.968345,1085.822998,1595.059814,1438.828247,1897.905884
VT_2573061663_Ulmaceae_Ulmus_americana,15,747,1,VT_2573061663_Ulmaceae_Ulmus_americana__1086_1595_1439_1898,27,petiole_4,petiole,1421.184845,1663.780403,335.361847,68.720589,0.955484,1085.822998,1595.059814,1438.828247,1897.905884
VT_2573061663_Ulmaceae_Ulmus_americana,15,747,1,VT_2573061663_Ulmaceae_Ulmus_americana__1086_1595_1439_1898,28,petiole_tip,petiole,1421.011902,1664.310829,335.188904,69.251015,0.953534,1085.822998,1595.059814,1438.828247,1897.905884
VT_2573061663_Ulmaceae_Ulmus_americana,15,747,1,VT_2573061663_Ulmaceae_Ulmus_americana__1086_1595_1439_1898,29,width_left,width,1340.686249,1837.99054,254.863251,242.930725,0.974807,1085.822998,1595.059814,1438.828247,1897.905884
VT_2573061663_Ulmaceae_Ulmus_americana,15,747,1,VT_2573061663_Ulmaceae_Ulmus_americana__1086_1595_1439_1898,30,width_right,width,1214.228622,1641.032173,128.405624,45.972359,0.977647,1085.822998,1595.059814,1438.828247,1897.905884
VT_2573061663_Ulmaceae_Ulmus_americana,15,748,0,VT_2573061663_Ulmaceae_Ulmus_americana__1674_616_2025_1157,0,lamina_tip,lamina,1978.696381,629.038078,304.297577,12.919182,0.982879,1674.398804,616.118896,2025.14209,1157.158203
VT_2573061663_Ulmaceae_Ulmus_americana,15,748,0,VT_2573061663_Ulmaceae_Ulmus_americana__1674_616_2025_1157,1,apex_left,apex,1888.658997,683.810837,214.260193,67.69194,0.984412,1674.398804,616.118896,2025.14209,1157.158203
VT_2573061663_Ulmaceae_Ulmus_americana,15,748,0,VT_2573061663_Ulmaceae_Ulmus_americana__1674_616_2025_1157,2,apex_center,apex,1978.86853,628.459282,304.469727,12.340385,0.975067,1674.398804,616.118896,2025.14209,1157.158203
VT_2573061663_Ulmaceae_Ulmus_americana,15,748,0,VT_2573061663_Ulmaceae_Ulmus_americana__1674_616_2025_1157,3,apex_right,apex,1993.456726,732.051895,319.057922,115.932999,0.985473,1674.398804,616.118896,2025.14209,1157.158203
VT_2573061663_Ulmaceae_Ulmus_americana,15,748,0,VT_2573061663_Ulmaceae_Ulmus_americana__1674_616_2025_1157,4,midvein_0,midvein,1978.76825,628.65728,304.369446,12.538383,0.980095,1674.398804,616.118896,2025.14209,1157.158203
VT_2573061663_Ulmaceae_Ulmus_americana,15,748,0,VT_2573061663_Ulmaceae_Ulmus_americana__1674_616_2025_1157,5,midvein_1,midvein,1961.842468,662.215172,287.443665,46.096275,0.992575,1674.398804,616.118896,2025.14209,1157.158203
VT_2573061663_Ulmaceae_Ulmus_americana,15,748,0,VT_2573061663_Ulmaceae_Ulmus_americana__1674_616_2025_1157,6,midvein_2,midvein,1945.764557,696.766327,271.365753,80.64743,0.994491,1674.398804,616.118896,2025.14209,1157.158203
VT_2573061663_Ulmaceae_Ulmus_americana,15,748,0,VT_2573061663_Ulmaceae_Ulmus_americana__1674_616_2025_1157,7,midvein_3,midvein,1930.43866,731.600739,256.039856,115.481842,0.995376,1674.398804,616.118896,2025.14209,1157.158203
VT_2573061663_Ulmaceae_Ulmus_americana,15,748,0,VT_2573061663_Ulmaceae_Ulmus_americana__1674_616_2025_1157,8,midvein_4,midvein,1915.295227,766.346786,240.896423,150.22789,0.995261,1674.398804,616.118896,2025.14209,1157.158203
VT_2573061663_Ulmaceae_Ulmus_americana,15,748,0,VT_2573061663_Ulmaceae_Ulmus_americana__1674_616_2025_1157,9,midvein_5,midvein,1900.120178,800.942902,225.721375,184.824005,0.994905,1674.398804,616.118896,2025.14209,1157.158203
VT_2573061663_Ulmaceae_Ulmus_americana,15,748,0,VT_2573061663_Ulmaceae_Ulmus_americana__1674_616_2025_1157,10,midvein_6,midvein,1884.688461,835.390167,210.289658,219.271271,0.994776,1674.398804,616.118896,2025.14209,1157.158203
VT_2573061663_Ulmaceae_Ulmus_americana,15,748,0,VT_2573061663_Ulmaceae_Ulmus_americana__1674_616_2025_1157,11,midvein_7,midvein,1868.916763,869.718018,194.51796,253.599121,0.994852,1674.398804,616.118896,2025.14209,1157.158203
VT_2573061663_Ulmaceae_Ulmus_americana,15,748,0,VT_2573061663_Ulmaceae_Ulmus_americana__1674_616_2025_1157,12,midvein_8,midvein,1852.639191,903.896759,178.240387,287.777863,0.994889,1674.398804,616.118896,2025.14209,1157.158203
VT_2573061663_Ulmaceae_Ulmus_americana,15,748,0,VT_2573061663_Ulmaceae_Ulmus_americana__1674_616_2025_1157,13,midvein_9,midvein,1835.572983,937.777679,161.174179,321.658783,0.994885,1674.398804,616.118896,2025.14209,1157.158203
VT_2573061663_Ulmaceae_Ulmus_americana,15,748,0,VT_2573061663_Ulmaceae_Ulmus_americana__1674_616_2025_1157,14,midvein_10,midvein,1817.867432,971.385925,143.468628,355.267029,0.994825,1674.398804,616.118896,2025.14209,1157.158203
VT_2573061663_Ulmaceae_Ulmus_americana,15,748,0,VT_2573061663_Ulmaceae_Ulmus_americana__1674_616_2025_1157,15,midvein_11,midvein,1799.509094,1004.638184,125.110291,388.519287,0.994559,1674.398804,616.118896,2025.14209,1157.158203
VT_2573061663_Ulmaceae_Ulmus_americana,15,748,0,VT_2573061663_Ulmaceae_Ulmus_americana__1674_616_2025_1157,16,midvein_12,midvein,1780.220673,1037.395782,105.821869,421.276886,0.994017,1674.398804,616.118896,2025.14209,1157.158203
VT_2573061663_Ulmaceae_Ulmus_americana,15,748,0,VT_2573061663_Ulmaceae_Ulmus_americana__1674_616_2025_1157,17,midvein_13,midvein,1759.963249,1069.46283,85.564445,453.343933,0.992815,1674.398804,616.118896,2025.14209,1157.158203
VT_2573061663_Ulmaceae_Ulmus_americana,15,748,0,VT_2573061663_Ulmaceae_Ulmus_americana__1674_616_2025_1157,18,midvein_14,midvein,1738.778557,1100.482117,64.379753,484.36322,0.986896,1674.398804,616.118896,2025.14209,1157.158203
VT_2573061663_Ulmaceae_Ulmus_americana,15,748,0,VT_2573061663_Ulmaceae_Ulmus_americana__1674_616_2025_1157,19,base_left,base,1714.053154,1042.901031,39.65435,426.782135,0.967026,1674.398804,616.118896,2025.14209,1157.158203
VT_2573061663_Ulmaceae_Ulmus_americana,15,748,0,VT_2573061663_Ulmaceae_Ulmus_americana__1674_616_2025_1157,20,base_center,base,1738.615158,1100.855591,64.216354,484.736694,0.972395,1674.398804,616.118896,2025.14209,1157.158203
VT_2573061663_Ulmaceae_Ulmus_americana,15,748,0,VT_2573061663_Ulmaceae_Ulmus_americana__1674_616_2025_1157,21,base_right,base,1802.040909,1101.323608,127.642105,485.204712,0.967699,1674.398804,616.118896,2025.14209,1157.158203
VT_2573061663_Ulmaceae_Ulmus_americana,15,748,0,VT_2573061663_Ulmaceae_Ulmus_americana__1674_616_2025_1157,22,lamina_base,lamina,1738.824898,1100.334167,64.426094,484.215271,0.986497,1674.398804,616.118896,2025.14209,1157.158203
VT_2573061663_Ulmaceae_Ulmus_americana,15,748,0,VT_2573061663_Ulmaceae_Ulmus_americana__1674_616_2025_1157,23,petiole_0,petiole,1738.906532,1100.234436,64.507729,484.11554,0.933811,1674.398804,616.118896,2025.14209,1157.158203
VT_2573061663_Ulmaceae_Ulmus_americana,15,748,0,VT_2573061663_Ulmaceae_Ulmus_americana__1674_616_2025_1157,24,petiole_1,petiole,1730.546959,1111.729065,56.148155,495.610168,0.914579,1674.398804,616.118896,2025.14209,1157.158203
VT_2573061663_Ulmaceae_Ulmus_americana,15,748,0,VT_2573061663_Ulmaceae_Ulmus_americana__1674_616_2025_1157,25,petiole_2,petiole,1723.222534,1122.154846,48.82373,506.03595,0.877337,1674.398804,616.118896,2025.14209,1157.158203
VT_2573061663_Ulmaceae_Ulmus_americana,15,748,0,VT_2573061663_Ulmaceae_Ulmus_americana__1674_616_2025_1157,26,petiole_3,petiole,1717.194511,1131.621887,42.795708,515.502991,0.810765,1674.398804,616.118896,2025.14209,1157.158203
VT_2573061663_Ulmaceae_Ulmus_americana,15,748,0,VT_2573061663_Ulmaceae_Ulmus_americana__1674_616_2025_1157,27,petiole_4,petiole,1712.472473,1140.073669,38.073669,523.954773,0.707521,1674.398804,616.118896,2025.14209,1157.158203
VT_2573061663_Ulmaceae_Ulmus_americana,15,748,0,VT_2573061663_Ulmaceae_Ulmus_americana__1674_616_2025_1157,28,petiole_tip,petiole,1712.801079,1138.420593,38.402275,522.301697,0.713133,1674.398804,616.118896,2025.14209,1157.158203
VT_2573061663_Ulmaceae_Ulmus_americana,15,748,0,VT_2573061663_Ulmaceae_Ulmus_americana__1674_616_2025_1157,29,width_left,width,1727.435173,821.968781,53.036369,205.849884,0.981841,1674.398804,616.118896,2025.14209,1157.158203
VT_2573061663_Ulmaceae_Ulmus_americana,15,748,0,VT_2573061663_Ulmaceae_Ulmus_americana__1674_616_2025_1157,30,width_right,width,1988.971344,946.235992,314.57254,330.117096,0.983078,1674.398804,616.118896,2025.14209,1157.158203
VT_2573061663_Ulmaceae_Ulmus_americana,15,749,0,VT_2573061663_Ulmaceae_Ulmus_americana__28_1363_533_2156,0,lamina_tip,lamina,59.307903,1376.884811,31.455864,13.732712,0.98493,27.852039,1363.1521,533.091919,2155.831055
VT_2573061663_Ulmaceae_Ulmus_americana,15,749,0,VT_2573061663_Ulmaceae_Ulmus_americana__28_1363_533_2156,1,apex_left,apex,69.563198,1515.93721,41.711159,152.78511,0.981276,27.852039,1363.1521,533.091919,2155.831055
VT_2573061663_Ulmaceae_Ulmus_americana,15,749,0,VT_2573061663_Ulmaceae_Ulmus_americana__28_1363_533_2156,2,apex_center,apex,58.564205,1375.938736,30.712166,12.786636,0.976013,27.852039,1363.1521,533.091919,2155.831055
VT_2573061663_Ulmaceae_Ulmus_americana,15,749,0,VT_2573061663_Ulmaceae_Ulmus_americana__28_1363_533_2156,3,apex_right,apex,182.315815,1445.963654,154.463776,82.811554,0.980715,27.852039,1363.1521,533.091919,2155.831055
VT_2573061663_Ulmaceae_Ulmus_americana,15,749,0,VT_2573061663_Ulmaceae_Ulmus_americana__28_1363_533_2156,4,midvein_0,midvein,58.93832,1376.447601,31.086281,13.295502,0.986524,27.852039,1363.1521,533.091919,2155.831055
VT_2573061663_Ulmaceae_Ulmus_americana,15,749,0,VT_2573061663_Ulmaceae_Ulmus_americana__28_1363_533_2156,5,midvein_1,midvein,90.314487,1423.629654,62.462448,60.477554,0.994433,27.852039,1363.1521,533.091919,2155.831055
VT_2573061663_Ulmaceae_Ulmus_americana,15,749,0,VT_2573061663_Ulmaceae_Ulmus_americana__28_1363_533_2156,6,midvein_2,midvein,118.915272,1473.149857,91.063232,109.997757,0.995744,27.852039,1363.1521,533.091919,2155.831055
VT_2573061663_Ulmaceae_Ulmus_americana,15,749,0,VT_2573061663_Ulmaceae_Ulmus_americana__28_1363_533_2156,7,midvein_3,midvein,145.960773,1523.866806,118.108734,160.714706,0.995919,27.852039,1363.1521,533.091919,2155.831055
VT_2573061663_Ulmaceae_Ulmus_americana,15,749,0,VT_2573061663_Ulmaceae_Ulmus_americana__28_1363_533_2156,8,midvein_4,midvein,172.090122,1575.253967,144.238083,212.101868,0.99551,27.852039,1363.1521,533.091919,2155.831055
VT_2573061663_Ulmaceae_Ulmus_americana,15,749,0,VT_2573061663_Ulmaceae_Ulmus_americana__28_1363_533_2156,9,midvein_5,midvein,197.545277,1626.849884,169.693237,263.697784,0.995001,27.852039,1363.1521,533.091919,2155.831055
VT_2573061663_Ulmaceae_Ulmus_americana,15,749,0,VT_2573061663_Ulmaceae_Ulmus_americana__28_1363_533_2156,10,midvein_6,midvein,222.546955,1678.467102,194.694916,315.315002,0.994523,27.852039,1363.1521,533.091919,2155.831055
VT_2573061663_Ulmaceae_Ulmus_americana,15,749,0,VT_2573061663_Ulmaceae_Ulmus_americana__28_1363_533_2156,11,midvein_7,midvein,247.548847,1730.351685,219.696808,367.199585,0.993934,27.852039,1363.1521,533.091919,2155.831055
VT_2573061663_Ulmaceae_Ulmus_americana,15,749,0,VT_2573061663_Ulmaceae_Ulmus_americana__28_1363_533_2156,12,midvein_8,midvein,271.963825,1782.46048,244.111786,419.30838,0.993232,27.852039,1363.1521,533.091919,2155.831055
VT_2573061663_Ulmaceae_Ulmus_americana,15,749,0,VT_2573061663_Ulmaceae_Ulmus_americana__28_1363_533_2156,13,midvein_9,midvein,296.048634,1834.707153,268.196594,471.555054,0.992688,27.852039,1363.1521,533.091919,2155.831055
VT_2573061663_Ulmaceae_Ulmus_americana,15,749,0,VT_2573061663_Ulmaceae_Ulmus_americana__28_1363_533_2156,14,midvein_10,midvein,320.199574,1887.251282,292.347534,524.099182,0.992535,27.852039,1363.1521,533.091919,2155.831055
VT_2573061663_Ulmaceae_Ulmus_americana,15,749,0,VT_2573061663_Ulmaceae_Ulmus_americana__28_1363_533_2156,15,midvein_11,midvein,344.258961,1940.041504,316.406921,576.889404,0.99261,27.852039,1363.1521,533.091919,2155.831055
VT_2573061663_Ulmaceae_Ulmus_americana,15,749,0,VT_2573061663_Ulmaceae_Ulmus_americana__28_1363_533_2156,16,midvein_12,midvein,368.203663,1992.968811,340.351624,629.816711,0.992671,27.852039,1363.1521,533.091919,2155.831055
VT_2573061663_Ulmaceae_Ulmus_americana,15,749,0,VT_2573061663_Ulmaceae_Ulmus_americana__28_1363_533_2156,17,midvein_13,midvein,391.958485,2045.810242,364.106445,682.658142,0.991937,27.852039,1363.1521,533.091919,2155.831055
VT_2573061663_Ulmaceae_Ulmus_americana,15,749,0,VT_2573061663_Ulmaceae_Ulmus_americana__28_1363_533_2156,18,midvein_14,midvein,415.509602,2098.213684,387.657562,735.061584,0.98752,27.852039,1363.1521,533.091919,2155.831055
VT_2573061663_Ulmaceae_Ulmus_americana,15,749,0,VT_2573061663_Ulmaceae_Ulmus_americana__28_1363_533_2156,19,base_left,base,350.885456,2111.003052,323.033417,747.850952,0.960275,27.852039,1363.1521,533.091919,2155.831055
VT_2573061663_Ulmaceae_Ulmus_americana,15,749,0,VT_2573061663_Ulmaceae_Ulmus_americana__28_1363_533_2156,20,base_center,base,415.822681,2098.775269,387.970642,735.623169,0.972543,27.852039,1363.1521,533.091919,2155.831055
VT_2573061663_Ulmaceae_Ulmus_americana,15,749,0,VT_2573061663_Ulmaceae_Ulmus_americana__28_1363_533_2156,21,base_right,base,456.129353,2055.173157,428.277313,692.021057,0.959196,27.852039,1363.1521,533.091919,2155.831055
VT_2573061663_Ulmaceae_Ulmus_americana,15,749,0,VT_2573061663_Ulmaceae_Ulmus_americana__28_1363_533_2156,22,lamina_base,lamina,415.392231,2098.198242,387.540192,735.046143,0.989148,27.852039,1363.1521,533.091919,2155.831055
VT_2573061663_Ulmaceae_Ulmus_americana,15,749,0,VT_2573061663_Ulmaceae_Ulmus_americana__28_1363_533_2156,23,petiole_0,petiole,415.315418,2097.834351,387.463379,734.682251,0.953514,27.852039,1363.1521,533.091919,2155.831055
VT_2573061663_Ulmaceae_Ulmus_americana,15,749,0,VT_2573061663_Ulmaceae_Ulmus_americana__28_1363_533_2156,24,petiole_1,petiole,420.274189,2107.12146,392.42215,743.96936,0.945739,27.852039,1363.1521,533.091919,2155.831055
VT_2573061663_Ulmaceae_Ulmus_americana,15,749,0,VT_2573061663_Ulmaceae_Ulmus_americana__28_1363_533_2156,25,petiole_2,petiole,425.12746,2115.261292,397.275421,752.109192,0.937252,27.852039,1363.1521,533.091919,2155.831055
VT_2573061663_Ulmaceae_Ulmus_americana,15,749,0,VT_2573061663_Ulmaceae_Ulmus_americana__28_1363_533_2156,26,petiole_3,petiole,429.914143,2122.801025,402.062103,759.648926,0.930823,27.852039,1363.1521,533.091919,2155.831055
VT_2573061663_Ulmaceae_Ulmus_americana,15,749,0,VT_2573061663_Ulmaceae_Ulmus_americana__28_1363_533_2156,27,petiole_4,petiole,434.27364,2129.926208,406.4216,766.774109,0.916885,27.852039,1363.1521,533.091919,2155.831055
VT_2573061663_Ulmaceae_Ulmus_americana,15,749,0,VT_2573061663_Ulmaceae_Ulmus_americana__28_1363_533_2156,28,petiole_tip,petiole,434.337574,2130.782654,406.485535,767.630554,0.908526,27.852039,1363.1521,533.091919,2155.831055
VT_2573061663_Ulmaceae_Ulmus_americana,15,749,0,VT_2573061663_Ulmaceae_Ulmus_americana__28_1363_533_2156,29,width_left,width,89.511501,1870.301636,61.659462,507.149536,0.976598,27.852039,1363.1521,533.091919,2155.831055
VT_2573061663_Ulmaceae_Ulmus_americana,15,749,0,VT_2573061663_Ulmaceae_Ulmus_americana__28_1363_533_2156,30,width_right,width,473.93578,1692.936768,446.08374,329.784668,0.976019,27.852039,1363.1521,533.091919,2155.831055
VT_2573061663_Ulmaceae_Ulmus_americana,15,750,0,VT_2573061663_Ulmaceae_Ulmus_americana__554_1708_1160_2401,0,lamina_tip,lamina,565.946419,1723.591049,12.397896,15.889389,0.985857,553.548523,1707.70166,1159.608032,2400.826172
VT_2573061663_Ulmaceae_Ulmus_americana,15,750,0,VT_2573061663_Ulmaceae_Ulmus_americana__554_1708_1160_2401,1,apex_left,apex,609.719902,1879.036041,56.171379,171.334381,0.988119,553.548523,1707.70166,1159.608032,2400.826172
VT_2573061663_Ulmaceae_Ulmus_americana,15,750,0,VT_2573061663_Ulmaceae_Ulmus_americana__554_1708_1160_2401,2,apex_center,apex,565.238022,1723.183823,11.689499,15.482162,0.977877,553.548523,1707.70166,1159.608032,2400.826172
VT_2573061663_Ulmaceae_Ulmus_americana,15,750,0,VT_2573061663_Ulmaceae_Ulmus_americana__554_1708_1160_2401,3,apex_right,apex,714.164688,1775.347626,160.616165,67.645966,0.98785,553.548523,1707.70166,1159.608032,2400.826172
VT_2573061663_Ulmaceae_Ulmus_americana,15,750,0,VT_2573061663_Ulmaceae_Ulmus_americana__554_1708_1160_2401,4,midvein_0,midvein,565.12352,1723.154243,11.574997,15.452583,0.987646,553.548523,1707.70166,1159.608032,2400.826172
VT_2573061663_Ulmaceae_Ulmus_americana,15,750,0,VT_2573061663_Ulmaceae_Ulmus_americana__554_1708_1160_2401,5,midvein_1,midvein,604.893776,1764.035347,51.345253,56.333687,0.996643,553.548523,1707.70166,1159.608032,2400.826172
VT_2573061663_Ulmaceae_Ulmus_americana,15,750,0,VT_2573061663_Ulmaceae_Ulmus_americana__554_1708_1160_2401,6,midvein_2,midvein,643.63739,1806.052475,90.088867,98.350815,0.997884,553.548523,1707.70166,1159.608032,2400.826172
VT_2573061663_Ulmaceae_Ulmus_americana,15,750,0,VT_2573061663_Ulmaceae_Ulmus_americana__554_1708_1160_2401,7,midvein_3,midvein,681.817047,1848.588577,128.268524,140.886917,0.998045,553.548523,1707.70166,1159.608032,2400.826172
VT_2573061663_Ulmaceae_Ulmus_americana,15,750,0,VT_2573061663_Ulmaceae_Ulmus_americana__554_1708_1160_2401,8,midvein_4,midvein,719.722244,1891.477615,166.173721,183.775955,0.997823,553.548523,1707.70166,1159.608032,2400.826172
VT_2573061663_Ulmaceae_Ulmus_americana,15,750,0,VT_2573061663_Ulmaceae_Ulmus_americana__554_1708_1160_2401,9,midvein_5,midvein,757.550354,1934.400421,204.001831,226.698761,0.997574,553.548523,1707.70166,1159.608032,2400.826172
VT_2573061663_Ulmaceae_Ulmus_americana,15,750,0,VT_2573061663_Ulmaceae_Ulmus_americana__554_1708_1160_2401,10,midvein_6,midvein,795.337189,1977.136322,241.788666,269.434662,0.997352,553.548523,1707.70166,1159.608032,2400.826172
VT_2573061663_Ulmaceae_Ulmus_americana,15,750,0,VT_2573061663_Ulmaceae_Ulmus_americana__554_1708_1160_2401,11,midvein_7,midvein,833.608154,2020.02832,280.059631,312.32666,0.997077,553.548523,1707.70166,1159.608032,2400.826172
VT_2573061663_Ulmaceae_Ulmus_americana,15,750,0,VT_2573061663_Ulmaceae_Ulmus_americana__554_1708_1160_2401,12,midvein_8,midvein,871.841766,2062.810944,318.293243,355.109283,0.996734,553.548523,1707.70166,1159.608032,2400.826172
VT_2573061663_Ulmaceae_Ulmus_americana,15,750,0,VT_2573061663_Ulmaceae_Ulmus_americana__554_1708_1160_2401,13,midvein_9,midvein,909.959229,2105.345062,356.410706,397.643402,0.996452,553.548523,1707.70166,1159.608032,2400.826172
VT_2573061663_Ulmaceae_Ulmus_americana,15,750,0,VT_2573061663_Ulmaceae_Ulmus_americana__554_1708_1160_2401,14,midvein_10,midvein,948.423218,2147.931671,394.874695,440.230011,0.996379,553.548523,1707.70166,1159.608032,2400.826172
VT_2573061663_Ulmaceae_Ulmus_americana,15,750,0,VT_2573061663_Ulmaceae_Ulmus_americana__554_1708_1160_2401,15,midvein_11,midvein,986.945404,2190.494202,433.396881,482.792542,0.996406,553.548523,1707.70166,1159.608032,2400.826172
VT_2573061663_Ulmaceae_Ulmus_americana,15,750,0,VT_2573061663_Ulmaceae_Ulmus_americana__554_1708_1160_2401,16,midvein_12,midvein,1025.541809,2233.004578,471.993286,525.302917,0.996396,553.548523,1707.70166,1159.608032,2400.826172
VT_2573061663_Ulmaceae_Ulmus_americana,15,750,0,VT_2573061663_Ulmaceae_Ulmus_americana__554_1708_1160_2401,17,midvein_13,midvein,1064.206116,2275.517822,510.657593,567.816162,0.996016,553.548523,1707.70166,1159.608032,2400.826172
VT_2573061663_Ulmaceae_Ulmus_americana,15,750,0,VT_2573061663_Ulmaceae_Ulmus_americana__554_1708_1160_2401,18,midvein_14,midvein,1102.973694,2318.257751,549.425171,610.556091,0.993277,553.548523,1707.70166,1159.608032,2400.826172
VT_2573061663_Ulmaceae_Ulmus_americana,15,750,0,VT_2573061663_Ulmaceae_Ulmus_americana__554_1708_1160_2401,19,base_left,base,1044.105042,2355.730286,490.556519,648.028625,0.9748,553.548523,1707.70166,1159.608032,2400.826172
VT_2573061663_Ulmaceae_Ulmus_americana,15,750,0,VT_2573061663_Ulmaceae_Ulmus_americana__554_1708_1160_2401,20,base_center,base,1103.353516,2318.396423,549.804993,610.694763,0.985241,553.548523,1707.70166,1159.608032,2400.826172
VT_2573061663_Ulmaceae_Ulmus_americana,15,750,0,VT_2573061663_Ulmaceae_Ulmus_americana__554_1708_1160_2401,21,base_right,base,1126.954773,2266.84314,573.40625,559.141479,0.974405,553.548523,1707.70166,1159.608032,2400.826172
VT_2573061663_Ulmaceae_Ulmus_americana,15,750,0,VT_2573061663_Ulmaceae_Ulmus_americana__554_1708_1160_2401,22,lamina_base,lamina,1102.851807,2318.094238,549.303284,610.392578,0.994965,553.548523,1707.70166,1159.608032,2400.826172
VT_2573061663_Ulmaceae_Ulmus_americana,15,750,0,VT_2573061663_Ulmaceae_Ulmus_americana__554_1708_1160_2401,23,petiole_0,petiole,1102.713806,2317.890869,549.165283,610.189209,0.975842,553.548523,1707.70166,1159.608032,2400.826172
VT_2573061663_Ulmaceae_Ulmus_americana,15,750,0,VT_2573061663_Ulmaceae_Ulmus_americana__554_1708_1160_2401,24,petiole_1,petiole,1110.292603,2326.116394,556.74408,618.414734,0.970761,553.548523,1707.70166,1159.608032,2400.826172
VT_2573061663_Ulmaceae_Ulmus_americana,15,750,0,VT_2573061663_Ulmaceae_Ulmus_americana__554_1708_1160_2401,25,petiole_2,petiole,1117.230591,2333.734924,563.682068,626.033264,0.964622,553.548523,1707.70166,1159.608032,2400.826172
VT_2573061663_Ulmaceae_Ulmus_americana,15,750,0,VT_2573061663_Ulmaceae_Ulmus_americana__554_1708_1160_2401,26,petiole_3,petiole,1123.402832,2340.952515,569.854309,633.250854,0.959445,553.548523,1707.70166,1159.608032,2400.826172
VT_2573061663_Ulmaceae_Ulmus_americana,15,750,0,VT_2573061663_Ulmaceae_Ulmus_americana__554_1708_1160_2401,27,petiole_4,petiole,1128.455444,2347.982666,574.906921,640.281006,0.947602,553.548523,1707.70166,1159.608032,2400.826172
VT_2573061663_Ulmaceae_Ulmus_americana,15,750,0,VT_2573061663_Ulmaceae_Ulmus_americana__554_1708_1160_2401,28,petiole_tip,petiole,1129.432983,2348.768799,575.88446,641.067139,0.939751,553.548523,1707.70166,1159.608032,2400.826172
VT_2573061663_Ulmaceae_Ulmus_americana,15,750,0,VT_2573061663_Ulmaceae_Ulmus_americana__554_1708_1160_2401,29,width_left,width,717.261612,2200.877686,163.713089,493.176025,0.984353,553.548523,1707.70166,1159.608032,2400.826172
VT_2573061663_Ulmaceae_Ulmus_americana,15,750,0,VT_2573061663_Ulmaceae_Ulmus_americana__554_1708_1160_2401,30,width_right,width,1028.710815,1923.049164,475.162292,215.347504,0.983664,553.548523,1707.70166,1159.608032,2400.826172
VT_2573061663_Ulmaceae_Ulmus_americana,15,751,0,VT_2573061663_Ulmaceae_Ulmus_americana__455_383_1237_1026,0,lamina_tip,lamina,469.565514,406.274559,14.408623,22.845665,0.987576,455.156891,383.428894,1236.904297,1025.890503
VT_2573061663_Ulmaceae_Ulmus_americana,15,751,0,VT_2573061663_Ulmaceae_Ulmus_americana__455_383_1237_1026,1,apex_left,apex,544.388077,561.433319,89.231186,178.004425,0.988205,455.156891,383.428894,1236.904297,1025.890503
VT_2573061663_Ulmaceae_Ulmus_americana,15,751,0,VT_2573061663_Ulmaceae_Ulmus_americana__455_383_1237_1026,2,apex_center,apex,468.66301,405.71949,13.506119,22.290596,0.981071,455.156891,383.428894,1236.904297,1025.890503
VT_2573061663_Ulmaceae_Ulmus_americana,15,751,0,VT_2573061663_Ulmaceae_Ulmus_americana__455_383_1237_1026,3,apex_right,apex,634.986328,425.989494,179.829437,42.5606,0.987852,455.156891,383.428894,1236.904297,1025.890503
VT_2573061663_Ulmaceae_Ulmus_americana,15,751,0,VT_2573061663_Ulmaceae_Ulmus_americana__455_383_1237_1026,4,midvein_0,midvein,468.823669,405.632812,13.666779,22.203918,0.988445,455.156891,383.428894,1236.904297,1025.890503
VT_2573061663_Ulmaceae_Ulmus_americana,15,751,0,VT_2573061663_Ulmaceae_Ulmus_americana__455_383_1237_1026,5,midvein_1,midvein,520.910034,443.353714,65.753143,59.92482,0.996567,455.156891,383.428894,1236.904297,1025.890503
VT_2573061663_Ulmaceae_Ulmus_americana,15,751,0,VT_2573061663_Ulmaceae_Ulmus_americana__455_383_1237_1026,6,midvein_2,midvein,572.470978,482.355698,117.314087,98.926804,0.997608,455.156891,383.428894,1236.904297,1025.890503
VT_2573061663_Ulmaceae_Ulmus_americana,15,751,0,VT_2573061663_Ulmaceae_Ulmus_americana__455_383_1237_1026,7,midvein_3,midvein,623.98764,521.817078,168.83075,138.388184,0.997589,455.156891,383.428894,1236.904297,1025.890503
VT_2573061663_Ulmaceae_Ulmus_americana,15,751,0,VT_2573061663_Ulmaceae_Ulmus_americana__455_383_1237_1026,8,midvein_4,midvein,675.76535,561.301804,220.608459,177.87291,0.997209,455.156891,383.428894,1236.904297,1025.890503
VT_2573061663_Ulmaceae_Ulmus_americana,15,751,0,VT_2573061663_Ulmaceae_Ulmus_americana__455_383_1237_1026,9,midvein_5,midvein,727.982513,600.132263,272.825623,216.703369,0.996849,455.156891,383.428894,1236.904297,1025.890503
VT_2573061663_Ulmaceae_Ulmus_americana,15,751,0,VT_2573061663_Ulmaceae_Ulmus_americana__455_383_1237_1026,10,midvein_6,midvein,780.577484,638.093079,325.420593,254.664185,0.996518,455.156891,383.428894,1236.904297,1025.890503
VT_2573061663_Ulmaceae_Ulmus_americana,15,751,0,VT_2573061663_Ulmaceae_Ulmus_americana__455_383_1237_1026,11,midvein_7,midvein,833.896881,675.400269,378.73999,291.971375,0.996081,455.156891,383.428894,1236.904297,1025.890503
VT_2573061663_Ulmaceae_Ulmus_americana,15,751,0,VT_2573061663_Ulmaceae_Ulmus_americana__455_383_1237_1026,12,midvein_8,midvein,887.288788,712.149323,432.131897,328.720428,0.995461,455.156891,383.428894,1236.904297,1025.890503
VT_2573061663_Ulmaceae_Ulmus_americana,15,751,0,VT_2573061663_Ulmaceae_Ulmus_americana__455_383_1237_1026,13,midvein_9,midvein,940.4133,748.945862,485.256409,365.516968,0.994904,455.156891,383.428894,1236.904297,1025.890503
VT_2573061663_Ulmaceae_Ulmus_americana,15,751,0,VT_2573061663_Ulmaceae_Ulmus_americana__455_383_1237_1026,14,midvein_10,midvein,993.018036,786.902985,537.861145,403.474091,0.994684,455.156891,383.428894,1236.904297,1025.890503
VT_2573061663_Ulmaceae_Ulmus_americana,15,751,0,VT_2573061663_Ulmaceae_Ulmus_americana__455_383_1237_1026,15,midvein_11,midvein,1044.402313,826.451172,589.245422,443.022278,0.99465,455.156891,383.428894,1236.904297,1025.890503
VT_2573061663_Ulmaceae_Ulmus_americana,15,751,0,VT_2573061663_Ulmaceae_Ulmus_americana__455_383_1237_1026,16,midvein_12,midvein,1094.067291,868.565063,638.9104,485.136169,0.994497,455.156891,383.428894,1236.904297,1025.890503
VT_2573061663_Ulmaceae_Ulmus_americana,15,751,0,VT_2573061663_Ulmaceae_Ulmus_americana__455_383_1237_1026,17,midvein_13,midvein,1141.064056,913.861694,685.907166,530.4328,0.993596,455.156891,383.428894,1236.904297,1025.890503
VT_2573061663_Ulmaceae_Ulmus_americana,15,751,0,VT_2573061663_Ulmaceae_Ulmus_americana__455_383_1237_1026,18,midvein_14,midvein,1184.990387,962.339783,729.833496,578.910889,0.987822,455.156891,383.428894,1236.904297,1025.890503
VT_2573061663_Ulmaceae_Ulmus_americana,15,751,0,VT_2573061663_Ulmaceae_Ulmus_americana__455_383_1237_1026,19,base_left,base,1122.313873,991.10675,667.156982,607.677856,0.965962,455.156891,383.428894,1236.904297,1025.890503
VT_2573061663_Ulmaceae_Ulmus_americana,15,751,0,VT_2573061663_Ulmaceae_Ulmus_americana__455_383_1237_1026,20,base_center,base,1185.624786,962.906433,730.467896,579.477539,0.973681,455.156891,383.428894,1236.904297,1025.890503
VT_2573061663_Ulmaceae_Ulmus_americana,15,751,0,VT_2573061663_Ulmaceae_Ulmus_americana__455_383_1237_1026,21,base_right,base,1200.188812,897.071838,745.031921,513.642944,0.963647,455.156891,383.428894,1236.904297,1025.890503
VT_2573061663_Ulmaceae_Ulmus_americana,15,751,0,VT_2573061663_Ulmaceae_Ulmus_americana__455_383_1237_1026,22,lamina_base,lamina,1184.76889,962.44281,729.612,579.013916,0.989836,455.156891,383.428894,1236.904297,1025.890503
VT_2573061663_Ulmaceae_Ulmus_americana,15,751,0,VT_2573061663_Ulmaceae_Ulmus_americana__455_383_1237_1026,23,petiole_0,petiole,1184.589691,962.044312,729.4328,578.615417,0.955438,455.156891,383.428894,1236.904297,1025.890503
VT_2573061663_Ulmaceae_Ulmus_americana,15,751,0,VT_2573061663_Ulmaceae_Ulmus_americana__455_383_1237_1026,24,petiole_1,petiole,1190.859833,969.278931,735.702942,585.850037,0.941939,455.156891,383.428894,1236.904297,1025.890503
VT_2573061663_Ulmaceae_Ulmus_americana,15,751,0,VT_2573061663_Ulmaceae_Ulmus_americana__455_383_1237_1026,25,petiole_2,petiole,1197.125824,975.565613,741.968933,592.136719,0.92554,455.156891,383.428894,1236.904297,1025.890503
VT_2573061663_Ulmaceae_Ulmus_americana,15,751,0,VT_2573061663_Ulmaceae_Ulmus_americana__455_383_1237_1026,26,petiole_3,petiole,1203.664398,981.145996,748.507507,597.717102,0.91447,455.156891,383.428894,1236.904297,1025.890503
VT_2573061663_Ulmaceae_Ulmus_americana,15,751,0,VT_2573061663_Ulmaceae_Ulmus_americana__455_383_1237_1026,27,petiole_4,petiole,1210.449982,986.388916,755.293091,602.960022,0.896448,455.156891,383.428894,1236.904297,1025.890503
VT_2573061663_Ulmaceae_Ulmus_americana,15,751,0,VT_2573061663_Ulmaceae_Ulmus_americana__455_383_1237_1026,28,petiole_tip,petiole,1210.877106,986.577209,755.720215,603.148315,0.887652,455.156891,383.428894,1236.904297,1025.890503
VT_2573061663_Ulmaceae_Ulmus_americana,15,751,0,VT_2573061663_Ulmaceae_Ulmus_americana__455_383_1237_1026,29,width_left,width,710.238983,890.231628,255.082092,506.802734,0.984575,455.156891,383.428894,1236.904297,1025.890503
VT_2573061663_Ulmaceae_Ulmus_americana,15,751,0,VT_2573061663_Ulmaceae_Ulmus_americana__455_383_1237_1026,30,width_right,width,994.341034,491.564133,539.184143,108.135239,0.982825,455.156891,383.428894,1236.904297,1025.890503
VT_2573061663_Ulmaceae_Ulmus_americana,15,752,0,VT_2573061663_Ulmaceae_Ulmus_americana__1195_2193_1914_2818,0,lamina_tip,lamina,1215.723511,2217.837944,20.389648,24.817924,0.984492,1195.333862,2193.02002,1913.657959,2817.689941
VT_2573061663_Ulmaceae_Ulmus_americana,15,752,0,VT_2573061663_Ulmaceae_Ulmus_americana__1195_2193_1914_2818,1,apex_left,apex,1259.60228,2367.240845,64.268417,174.220825,0.984686,1195.333862,2193.02002,1913.657959,2817.689941
VT_2573061663_Ulmaceae_Ulmus_americana,15,752,0,VT_2573061663_Ulmaceae_Ulmus_americana__1195_2193_1914_2818,2,apex_center,apex,1214.82045,2217.156731,19.486588,24.136711,0.974502,1195.333862,2193.02002,1913.657959,2817.689941
VT_2573061663_Ulmaceae_Ulmus_americana,15,752,0,VT_2573061663_Ulmaceae_Ulmus_americana__1195_2193_1914_2818,3,apex_right,apex,1365.361084,2247.687904,170.027222,54.667885,0.984413,1195.333862,2193.02002,1913.657959,2817.689941
VT_2573061663_Ulmaceae_Ulmus_americana,15,752,0,VT_2573061663_Ulmaceae_Ulmus_americana__1195_2193_1914_2818,4,midvein_0,midvein,1214.795349,2217.627228,19.461487,24.607208,0.987646,1195.333862,2193.02002,1913.657959,2817.689941
VT_2573061663_Ulmaceae_Ulmus_americana,15,752,0,VT_2573061663_Ulmaceae_Ulmus_americana__1195_2193_1914_2818,5,midvein_1,midvein,1256.78363,2257.201408,61.449768,64.181389,0.996467,1195.333862,2193.02002,1913.657959,2817.689941
VT_2573061663_Ulmaceae_Ulmus_americana,15,752,0,VT_2573061663_Ulmaceae_Ulmus_americana__1195_2193_1914_2818,6,midvein_2,midvein,1300.368378,2295.54805,105.034515,102.52803,0.997757,1195.333862,2193.02002,1913.657959,2817.689941
VT_2573061663_Ulmaceae_Ulmus_americana,15,752,0,VT_2573061663_Ulmaceae_Ulmus_americana__1195_2193_1914_2818,7,midvein_3,midvein,1345.082733,2332.807053,149.748871,139.787033,0.997957,1195.333862,2193.02002,1913.657959,2817.689941
VT_2573061663_Ulmaceae_Ulmus_americana,15,752,0,VT_2573061663_Ulmaceae_Ulmus_americana__1195_2193_1914_2818,8,midvein_4,midvein,1390.340363,2369.510895,195.0065,176.490875,0.997763,1195.333862,2193.02002,1913.657959,2817.689941
VT_2573061663_Ulmaceae_Ulmus_americana,15,752,0,VT_2573061663_Ulmaceae_Ulmus_americana__1195_2193_1914_2818,9,midvein_5,midvein,1435.790466,2405.811035,240.456604,212.791016,0.99752,1195.333862,2193.02002,1913.657959,2817.689941
VT_2573061663_Ulmaceae_Ulmus_americana,15,752,0,VT_2573061663_Ulmaceae_Ulmus_americana__1195_2193_1914_2818,10,midvein_6,midvein,1481.168396,2441.970856,285.834534,248.950836,0.997274,1195.333862,2193.02002,1913.657959,2817.689941
VT_2573061663_Ulmaceae_Ulmus_americana,15,752,0,VT_2573061663_Ulmaceae_Ulmus_americana__1195_2193_1914_2818,11,midvein_7,midvein,1526.773102,2478.463806,331.43924,285.443787,0.996922,1195.333862,2193.02002,1913.657959,2817.689941
VT_2573061663_Ulmaceae_Ulmus_americana,15,752,0,VT_2573061663_Ulmaceae_Ulmus_americana__1195_2193_1914_2818,12,midvein_8,midvein,1571.783752,2515.44928,376.44989,322.42926,0.996455,1195.333862,2193.02002,1913.657959,2817.689941
VT_2573061663_Ulmaceae_Ulmus_americana,15,752,0,VT_2573061663_Ulmaceae_Ulmus_americana__1195_2193_1914_2818,13,midvein_9,midvein,1615.974426,2553.262817,420.640564,360.242798,0.996045,1195.333862,2193.02002,1913.657959,2817.689941
VT_2573061663_Ulmaceae_Ulmus_americana,15,752,0,VT_2573061663_Ulmaceae_Ulmus_americana__1195_2193_1914_2818,14,midvein_10,midvein,1659.435608,2592.208832,464.101746,399.188812,0.995853,1195.333862,2193.02002,1913.657959,2817.689941
VT_2573061663_Ulmaceae_Ulmus_americana,15,752,0,VT_2573061663_Ulmaceae_Ulmus_americana__1195_2193_1914_2818,15,midvein_11,midvein,1701.696045,2632.413452,506.362183,439.393433,0.995811,1195.333862,2193.02002,1913.657959,2817.689941
VT_2573061663_Ulmaceae_Ulmus_americana,15,752,0,VT_2573061663_Ulmaceae_Ulmus_americana__1195_2193_1914_2818,16,midvein_12,midvein,1742.426819,2674.180908,547.092957,481.160889,0.995714,1195.333862,2193.02002,1913.657959,2817.689941
VT_2573061663_Ulmaceae_Ulmus_americana,15,752,0,VT_2573061663_Ulmaceae_Ulmus_americana__1195_2193_1914_2818,17,midvein_13,midvein,1781.349731,2717.570129,586.015869,524.55011,0.995063,1195.333862,2193.02002,1913.657959,2817.689941
VT_2573061663_Ulmaceae_Ulmus_americana,15,752,0,VT_2573061663_Ulmaceae_Ulmus_americana__1195_2193_1914_2818,18,midvein_14,midvein,1818.243835,2762.674194,622.909973,569.654175,0.990788,1195.333862,2193.02002,1913.657959,2817.689941
VT_2573061663_Ulmaceae_Ulmus_americana,15,752,0,VT_2573061663_Ulmaceae_Ulmus_americana__1195_2193_1914_2818,19,base_left,base,1759.838623,2769.799377,564.504761,576.779358,0.972017,1195.333862,2193.02002,1913.657959,2817.689941
VT_2573061663_Ulmaceae_Ulmus_americana,15,752,0,VT_2573061663_Ulmaceae_Ulmus_americana__1195_2193_1914_2818,20,base_center,base,1818.972046,2763.580872,623.638184,570.560852,0.980214,1195.333862,2193.02002,1913.657959,2817.689941
VT_2573061663_Ulmaceae_Ulmus_americana,15,752,0,VT_2573061663_Ulmaceae_Ulmus_americana__1195_2193_1914_2818,21,base_right,base,1868.967468,2701.635803,673.633606,508.615784,0.969857,1195.333862,2193.02002,1913.657959,2817.689941
VT_2573061663_Ulmaceae_Ulmus_americana,15,752,0,VT_2573061663_Ulmaceae_Ulmus_americana__1195_2193_1914_2818,22,lamina_base,lamina,1818.264404,2762.7229,622.930542,569.702881,0.992863,1195.333862,2193.02002,1913.657959,2817.689941
VT_2573061663_Ulmaceae_Ulmus_americana,15,752,0,VT_2573061663_Ulmaceae_Ulmus_americana__1195_2193_1914_2818,23,petiole_0,petiole,1818.205322,2762.446533,622.87146,569.426514,0.967619,1195.333862,2193.02002,1913.657959,2817.689941
VT_2573061663_Ulmaceae_Ulmus_americana,15,752,0,VT_2573061663_Ulmaceae_Ulmus_americana__1195_2193_1914_2818,24,petiole_1,petiole,1820.907532,2770.009094,625.573669,576.989075,0.957557,1195.333862,2193.02002,1913.657959,2817.689941
VT_2573061663_Ulmaceae_Ulmus_americana,15,752,0,VT_2573061663_Ulmaceae_Ulmus_americana__1195_2193_1914_2818,25,petiole_2,petiole,1824.106506,2777.401733,628.772644,584.381714,0.94579,1195.333862,2193.02002,1913.657959,2817.689941
VT_2573061663_Ulmaceae_Ulmus_americana,15,752,0,VT_2573061663_Ulmaceae_Ulmus_americana__1195_2193_1914_2818,26,petiole_3,petiole,1827.667175,2784.959473,632.333313,591.939453,0.937436,1195.333862,2193.02002,1913.657959,2817.689941
VT_2573061663_Ulmaceae_Ulmus_americana,15,752,0,VT_2573061663_Ulmaceae_Ulmus_americana__1195_2193_1914_2818,27,petiole_4,petiole,1831.4151,2792.843506,636.081238,599.823486,0.922408,1195.333862,2193.02002,1913.657959,2817.689941
VT_2573061663_Ulmaceae_Ulmus_americana,15,752,0,VT_2573061663_Ulmaceae_Ulmus_americana__1195_2193_1914_2818,28,petiole_tip,petiole,1831.816895,2791.720215,636.483032,598.700195,0.914699,1195.333862,2193.02002,1913.657959,2817.689941
VT_2573061663_Ulmaceae_Ulmus_americana,15,752,0,VT_2573061663_Ulmaceae_Ulmus_americana__1195_2193_1914_2818,29,width_left,width,1406.318787,2654.728516,210.984924,461.708496,0.984164,1195.333862,2193.02002,1913.657959,2817.689941
VT_2573061663_Ulmaceae_Ulmus_americana,15,752,0,VT_2573061663_Ulmaceae_Ulmus_americana__1195_2193_1914_2818,30,width_right,width,1694.776489,2323.94519,499.442627,130.925171,0.982699,1195.333862,2193.02002,1913.657959,2817.689941
VT_2573061663_Ulmaceae_Ulmus_americana,15,753,0,VT_2573061663_Ulmaceae_Ulmus_americana__385_923_1152_1710,0,lamina_tip,lamina,403.15107,939.296188,18.087776,15.91069,0.980694,385.063293,923.385498,1151.749146,1710.155273
VT_2573061663_Ulmaceae_Ulmus_americana,15,753,0,VT_2573061663_Ulmaceae_Ulmus_americana__385_923_1152_1710,1,apex_left,apex,423.421989,1098.91539,38.358696,175.529892,0.985847,385.063293,923.385498,1151.749146,1710.155273
VT_2573061663_Ulmaceae_Ulmus_americana,15,753,0,VT_2573061663_Ulmaceae_Ulmus_americana__385_923_1152_1710,2,apex_center,apex,402.48349,938.896355,17.420197,15.510857,0.972144,385.063293,923.385498,1151.749146,1710.155273
VT_2573061663_Ulmaceae_Ulmus_americana,15,753,0,VT_2573061663_Ulmaceae_Ulmus_americana__385_923_1152_1710,3,apex_right,apex,555.191818,976.718994,170.128525,53.333496,0.986282,385.063293,923.385498,1151.749146,1710.155273
VT_2573061663_Ulmaceae_Ulmus_americana,15,753,0,VT_2573061663_Ulmaceae_Ulmus_americana__385_923_1152_1710,4,midvein_0,midvein,402.189148,939.05542,17.125854,15.669922,0.983032,385.063293,923.385498,1151.749146,1710.155273
VT_2573061663_Ulmaceae_Ulmus_americana,15,753,0,VT_2573061663_Ulmaceae_Ulmus_americana__385_923_1152_1710,5,midvein_1,midvein,444.819168,991.032135,59.755875,67.646637,0.996485,385.063293,923.385498,1151.749146,1710.155273
VT_2573061663_Ulmaceae_Ulmus_americana,15,753,0,VT_2573061663_Ulmaceae_Ulmus_americana__385_923_1152_1710,6,midvein_2,midvein,489.115814,1043.729675,104.052521,120.344177,0.998088,385.063293,923.385498,1151.749146,1710.155273
VT_2573061663_Ulmaceae_Ulmus_americana,15,753,0,VT_2573061663_Ulmaceae_Ulmus_americana__385_923_1152_1710,7,midvein_3,midvein,534.475861,1096.193146,149.412567,172.807648,0.998415,385.063293,923.385498,1151.749146,1710.155273
VT_2573061663_Ulmaceae_Ulmus_americana,15,753,0,VT_2573061663_Ulmaceae_Ulmus_americana__385_923_1152_1710,8,midvein_4,midvein,580.724518,1147.686646,195.661224,224.301147,0.998346,385.063293,923.385498,1151.749146,1710.155273
VT_2573061663_Ulmaceae_Ulmus_americana,15,753,0,VT_2573061663_Ulmaceae_Ulmus_americana__385_923_1152_1710,9,midvein_5,midvein,628.038177,1197.651123,242.974884,274.265625,0.998246,385.063293,923.385498,1151.749146,1710.155273
VT_2573061663_Ulmaceae_Ulmus_americana,15,753,0,VT_2573061663_Ulmaceae_Ulmus_americana__385_923_1152_1710,10,midvein_6,midvein,676.679626,1246.116669,291.616333,322.731171,0.998196,385.063293,923.385498,1151.749146,1710.155273
VT_2573061663_Ulmaceae_Ulmus_americana,15,753,0,VT_2573061663_Ulmaceae_Ulmus_americana__385_923_1152_1710,11,midvein_7,midvein,726.678436,1292.91748,341.615143,369.531982,0.998086,385.063293,923.385498,1151.749146,1710.155273
VT_2573061663_Ulmaceae_Ulmus_americana,15,753,0,VT_2573061663_Ulmaceae_Ulmus_americana__385_923_1152_1710,12,midvein_8,midvein,778.122681,1338.153625,393.059387,414.768127,0.997844,385.063293,923.385498,1151.749146,1710.155273
VT_2573061663_Ulmaceae_Ulmus_americana,15,753,0,VT_2573061663_Ulmaceae_Ulmus_americana__385_923_1152_1710,13,midvein_9,midvein,830.759888,1382.450378,445.696594,459.06488,0.997603,385.063293,923.385498,1151.749146,1710.155273
VT_2573061663_Ulmaceae_Ulmus_americana,15,753,0,VT_2573061663_Ulmaceae_Ulmus_americana__385_923_1152_1710,14,midvein_10,midvein,884.251099,1426.177002,499.187805,502.791504,0.997451,385.063293,923.385498,1151.749146,1710.155273
VT_2573061663_Ulmaceae_Ulmus_americana,15,753,0,VT_2573061663_Ulmaceae_Ulmus_americana__385_923_1152_1710,15,midvein_11,midvein,937.999207,1469.59375,552.935913,546.208252,0.997372,385.063293,923.385498,1151.749146,1710.155273
VT_2573061663_Ulmaceae_Ulmus_americana,15,753,0,VT_2573061663_Ulmaceae_Ulmus_americana__385_923_1152_1710,16,midvein_12,midvein,991.574402,1513.087097,606.511108,589.701599,0.99719,385.063293,923.385498,1151.749146,1710.155273
VT_2573061663_Ulmaceae_Ulmus_americana,15,753,0,VT_2573061663_Ulmaceae_Ulmus_americana__385_923_1152_1710,17,midvein_13,midvein,1044.494568,1557.121582,659.431274,633.736084,0.996635,385.063293,923.385498,1151.749146,1710.155273
VT_2573061663_Ulmaceae_Ulmus_americana,15,753,0,VT_2573061663_Ulmaceae_Ulmus_americana__385_923_1152_1710,18,midvein_14,midvein,1096.363281,1602.439026,711.299988,679.053528,0.993694,385.063293,923.385498,1151.749146,1710.155273
VT_2573061663_Ulmaceae_Ulmus_americana,15,753,0,VT_2573061663_Ulmaceae_Ulmus_americana__385_923_1152_1710,19,base_left,base,1040.388367,1661.551086,655.325073,738.165588,0.977153,385.063293,923.385498,1151.749146,1710.155273
VT_2573061663_Ulmaceae_Ulmus_americana,15,753,0,VT_2573061663_Ulmaceae_Ulmus_americana__385_923_1152_1710,20,base_center,base,1097.104004,1602.332153,712.04071,678.946655,0.986791,385.063293,923.385498,1151.749146,1710.155273
VT_2573061663_Ulmaceae_Ulmus_americana,15,753,0,VT_2573061663_Ulmaceae_Ulmus_americana__385_923_1152_1710,21,base_right,base,1118.052612,1540.871521,732.989319,617.486023,0.977587,385.063293,923.385498,1151.749146,1710.155273
VT_2573061663_Ulmaceae_Ulmus_americana,15,753,0,VT_2573061663_Ulmaceae_Ulmus_americana__385_923_1152_1710,22,lamina_base,lamina,1096.252808,1602.201904,711.189514,678.816406,0.995672,385.063293,923.385498,1151.749146,1710.155273
VT_2573061663_Ulmaceae_Ulmus_americana,15,753,0,VT_2573061663_Ulmaceae_Ulmus_americana__385_923_1152_1710,23,petiole_0,petiole,1095.978455,1602.015442,710.915161,678.629944,0.978718,385.063293,923.385498,1151.749146,1710.155273
VT_2573061663_Ulmaceae_Ulmus_americana,15,753,0,VT_2573061663_Ulmaceae_Ulmus_americana__385_923_1152_1710,24,petiole_1,petiole,1105.68335,1609.27356,720.620056,685.888062,0.972471,385.063293,923.385498,1151.749146,1710.155273
VT_2573061663_Ulmaceae_Ulmus_americana,15,753,0,VT_2573061663_Ulmaceae_Ulmus_americana__385_923_1152_1710,25,petiole_2,petiole,1113.936584,1616.703918,728.873291,693.31842,0.963883,385.063293,923.385498,1151.749146,1710.155273
VT_2573061663_Ulmaceae_Ulmus_americana,15,753,0,VT_2573061663_Ulmaceae_Ulmus_americana__385_923_1152_1710,26,petiole_3,petiole,1120.27594,1624.354065,735.212646,700.968567,0.954788,385.063293,923.385498,1151.749146,1710.155273
VT_2573061663_Ulmaceae_Ulmus_americana,15,753,0,VT_2573061663_Ulmaceae_Ulmus_americana__385_923_1152_1710,27,petiole_4,petiole,1124.513489,1632.215515,739.450195,708.830017,0.935422,385.063293,923.385498,1151.749146,1710.155273
VT_2573061663_Ulmaceae_Ulmus_americana,15,753,0,VT_2573061663_Ulmaceae_Ulmus_americana__385_923_1152_1710,28,petiole_tip,petiole,1126.355591,1633.360046,741.292297,709.974548,0.930133,385.063293,923.385498,1151.749146,1710.155273
VT_2573061663_Ulmaceae_Ulmus_americana,15,753,0,VT_2573061663_Ulmaceae_Ulmus_americana__385_923_1152_1710,29,width_left,width,545.353058,1493.365234,160.289764,569.979736,0.984354,385.063293,923.385498,1151.749146,1710.155273
VT_2573061663_Ulmaceae_Ulmus_americana,15,753,0,VT_2573061663_Ulmaceae_Ulmus_americana__385_923_1152_1710,30,width_right,width,901.697693,1097.574692,516.634399,174.189194,0.984703,385.063293,923.385498,1151.749146,1710.155273
VT_2573061663_Ulmaceae_Ulmus_americana,15,754,0,VT_2573061663_Ulmaceae_Ulmus_americana__63_2281_1022_3038,0,lamina_tip,lamina,75.860619,2298.782173,12.824081,18.091499,0.978347,63.036537,2280.690674,1021.755066,3038.186035
VT_2573061663_Ulmaceae_Ulmus_americana,15,754,0,VT_2573061663_Ulmaceae_Ulmus_americana__63_2281_1022_3038,1,apex_left,apex,147.952843,2498.089478,84.916306,217.398804,0.984288,63.036537,2280.690674,1021.755066,3038.186035
VT_2573061663_Ulmaceae_Ulmus_americana,15,754,0,VT_2573061663_Ulmaceae_Ulmus_americana__63_2281_1022_3038,2,apex_center,apex,75.041588,2298.0299,12.005051,17.339226,0.969487,63.036537,2280.690674,1021.755066,3038.186035
VT_2573061663_Ulmaceae_Ulmus_americana,15,754,0,VT_2573061663_Ulmaceae_Ulmus_americana__63_2281_1022_3038,3,apex_right,apex,271.082436,2356.941437,208.045898,76.250763,0.984302,63.036537,2280.690674,1021.755066,3038.186035
VT_2573061663_Ulmaceae_Ulmus_americana,15,754,0,VT_2573061663_Ulmaceae_Ulmus_americana__63_2281_1022_3038,4,midvein_0,midvein,75.128464,2298.977585,12.091927,18.286911,0.981714,63.036537,2280.690674,1021.755066,3038.186035
VT_2573061663_Ulmaceae_Ulmus_americana,15,754,0,VT_2573061663_Ulmaceae_Ulmus_americana__63_2281_1022_3038,5,midvein_1,midvein,128.503471,2354.753464,65.466934,74.06279,0.995305,63.036537,2280.690674,1021.755066,3038.186035
VT_2573061663_Ulmaceae_Ulmus_americana,15,754,0,VT_2573061663_Ulmaceae_Ulmus_americana__63_2281_1022_3038,6,midvein_2,midvein,185.780586,2407.631958,122.744049,126.941284,0.996992,63.036537,2280.690674,1021.755066,3038.186035
VT_2573061663_Ulmaceae_Ulmus_americana,15,754,0,VT_2573061663_Ulmaceae_Ulmus_americana__63_2281_1022_3038,7,midvein_3,midvein,245.363319,2458.004074,182.326782,177.3134,0.997135,63.036537,2280.690674,1021.755066,3038.186035
VT_2573061663_Ulmaceae_Ulmus_americana,15,754,0,VT_2573061663_Ulmaceae_Ulmus_americana__63_2281_1022_3038,8,midvein_4,midvein,306.270821,2506.716034,243.234283,226.02536,0.996793,63.036537,2280.690674,1021.755066,3038.186035
VT_2573061663_Ulmaceae_Ulmus_americana,15,754,0,VT_2573061663_Ulmaceae_Ulmus_americana__63_2281_1022_3038,9,midvein_5,midvein,368.001259,2554.125061,304.964722,273.434387,0.996501,63.036537,2280.690674,1021.755066,3038.186035
VT_2573061663_Ulmaceae_Ulmus_americana,15,754,0,VT_2573061663_Ulmaceae_Ulmus_americana__63_2281_1022_3038,10,midvein_6,midvein,430.305061,2600.551819,367.268524,319.861145,0.996304,63.036537,2280.690674,1021.755066,3038.186035
VT_2573061663_Ulmaceae_Ulmus_americana,15,754,0,VT_2573061663_Ulmaceae_Ulmus_americana__63_2281_1022_3038,11,midvein_7,midvein,492.875282,2646.279022,429.838745,365.588348,0.996144,63.036537,2280.690674,1021.755066,3038.186035
VT_2573061663_Ulmaceae_Ulmus_americana,15,754,0,VT_2573061663_Ulmaceae_Ulmus_americana__63_2281_1022_3038,12,midvein_8,midvein,555.93351,2691.083191,492.896973,410.392517,0.9958,63.036537,2280.690674,1021.755066,3038.186035
VT_2573061663_Ulmaceae_Ulmus_americana,15,754,0,VT_2573061663_Ulmaceae_Ulmus_americana__63_2281_1022_3038,13,midvein_9,midvein,619.948158,2735.276428,556.911621,454.585754,0.995488,63.036537,2280.690674,1021.755066,3038.186035
VT_2573061663_Ulmaceae_Ulmus_americana,15,754,0,VT_2573061663_Ulmaceae_Ulmus_americana__63_2281_1022_3038,14,midvein_10,midvein,684.775856,2778.767151,621.739319,498.076477,0.995312,63.036537,2280.690674,1021.755066,3038.186035
VT_2573061663_Ulmaceae_Ulmus_americana,15,754,0,VT_2573061663_Ulmaceae_Ulmus_americana__63_2281_1022_3038,15,midvein_11,midvein,750.216835,2821.333435,687.180298,540.642761,0.995208,63.036537,2280.690674,1021.755066,3038.186035
VT_2573061663_Ulmaceae_Ulmus_americana,15,754,0,VT_2573061663_Ulmaceae_Ulmus_americana__63_2281_1022_3038,16,midvein_12,midvein,816.570778,2862.559753,753.534241,581.86908,0.994989,63.036537,2280.690674,1021.755066,3038.186035
VT_2573061663_Ulmaceae_Ulmus_americana,15,754,0,VT_2573061663_Ulmaceae_Ulmus_americana__63_2281_1022_3038,17,midvein_13,midvein,884.131386,2901.825745,821.094849,621.135071,0.994176,63.036537,2280.690674,1021.755066,3038.186035
VT_2573061663_Ulmaceae_Ulmus_americana,15,754,0,VT_2573061663_Ulmaceae_Ulmus_americana__63_2281_1022_3038,18,midvein_14,midvein,952.852211,2939.049316,889.815674,658.358643,0.988883,63.036537,2280.690674,1021.755066,3038.186035
VT_2573061663_Ulmaceae_Ulmus_americana,15,754,0,VT_2573061663_Ulmaceae_Ulmus_americana__63_2281_1022_3038,19,base_left,base,898.989662,2976.210815,835.953125,695.520142,0.965761,63.036537,2280.690674,1021.755066,3038.186035
VT_2573061663_Ulmaceae_Ulmus_americana,15,754,0,VT_2573061663_Ulmaceae_Ulmus_americana__63_2281_1022_3038,20,base_center,base,953.708534,2939.559692,890.671997,658.869019,0.977092,63.036537,2280.690674,1021.755066,3038.186035
VT_2573061663_Ulmaceae_Ulmus_americana,15,754,0,VT_2573061663_Ulmaceae_Ulmus_americana__63_2281_1022_3038,21,base_right,base,979.403908,2867.178528,916.367371,586.487854,0.96558,63.036537,2280.690674,1021.755066,3038.186035
VT_2573061663_Ulmaceae_Ulmus_americana,15,754,0,VT_2573061663_Ulmaceae_Ulmus_americana__63_2281_1022_3038,22,lamina_base,lamina,952.771461,2938.763733,889.734924,658.073059,0.991475,63.036537,2280.690674,1021.755066,3038.186035
VT_2573061663_Ulmaceae_Ulmus_americana,15,754,0,VT_2573061663_Ulmaceae_Ulmus_americana__63_2281_1022_3038,23,petiole_0,petiole,952.712502,2938.683411,889.675964,657.992737,0.962228,63.036537,2280.690674,1021.755066,3038.186035
VT_2573061663_Ulmaceae_Ulmus_americana,15,754,0,VT_2573061663_Ulmaceae_Ulmus_americana__63_2281_1022_3038,24,petiole_1,petiole,963.251869,2944.876038,900.215332,664.185364,0.950078,63.036537,2280.690674,1021.755066,3038.186035
VT_2573061663_Ulmaceae_Ulmus_americana,15,754,0,VT_2573061663_Ulmaceae_Ulmus_americana__63_2281_1022_3038,25,petiole_2,petiole,973.183998,2950.318359,910.147461,669.627686,0.934421,63.036537,2280.690674,1021.755066,3038.186035
VT_2573061663_Ulmaceae_Ulmus_americana,15,754,0,VT_2573061663_Ulmaceae_Ulmus_americana__63_2281_1022_3038,26,petiole_3,petiole,982.807106,2955.064087,919.770569,674.373413,0.920119,63.036537,2280.690674,1021.755066,3038.186035
VT_2573061663_Ulmaceae_Ulmus_americana,15,754,0,VT_2573061663_Ulmaceae_Ulmus_americana__63_2281_1022_3038,27,petiole_4,petiole,991.819984,2959.520996,928.783447,678.830322,0.898597,63.036537,2280.690674,1021.755066,3038.186035
VT_2573061663_Ulmaceae_Ulmus_americana,15,754,0,VT_2573061663_Ulmaceae_Ulmus_americana__63_2281_1022_3038,28,petiole_tip,petiole,993.029579,2958.450867,929.993042,677.760193,0.892784,63.036537,2280.690674,1021.755066,3038.186035
VT_2573061663_Ulmaceae_Ulmus_americana,15,754,0,VT_2573061663_Ulmaceae_Ulmus_americana__63_2281_1022_3038,29,width_left,width,334.569069,2878.623108,271.532532,597.932434,0.980255,63.036537,2280.690674,1021.755066,3038.186035
VT_2573061663_Ulmaceae_Ulmus_americana,15,754,0,VT_2573061663_Ulmaceae_Ulmus_americana__63_2281_1022_3038,30,width_right,width,650.813576,2435.490402,587.777039,154.799728,0.979552,63.036537,2280.690674,1021.755066,3038.186035
VT_2573061663_Ulmaceae_Ulmus_americana,15,756,0,VT_2573061663_Ulmaceae_Ulmus_americana__1690_1109_1985_1449,0,lamina_tip,lamina,1950.021179,1434.429138,260.147034,325.111633,0.993332,1689.874146,1109.317505,1985.373413,1448.785522
VT_2573061663_Ulmaceae_Ulmus_americana,15,756,0,VT_2573061663_Ulmaceae_Ulmus_americana__1690_1109_1985_1449,1,apex_left,apex,1961.53421,1369.076233,271.660065,259.758728,0.988152,1689.874146,1109.317505,1985.373413,1448.785522
VT_2573061663_Ulmaceae_Ulmus_americana,15,756,0,VT_2573061663_Ulmaceae_Ulmus_americana__1690_1109_1985_1449,2,apex_center,apex,1950.125244,1434.900635,260.251099,325.58313,0.98955,1689.874146,1109.317505,1985.373413,1448.785522
VT_2573061663_Ulmaceae_Ulmus_americana,15,756,0,VT_2573061663_Ulmaceae_Ulmus_americana__1690_1109_1985_1449,3,apex_right,apex,1890.021912,1408.654968,200.147766,299.337463,0.989251,1689.874146,1109.317505,1985.373413,1448.785522
VT_2573061663_Ulmaceae_Ulmus_americana,15,756,0,VT_2573061663_Ulmaceae_Ulmus_americana__1690_1109_1985_1449,4,midvein_0,midvein,1950.29071,1434.364929,260.416565,325.047424,0.993891,1689.874146,1109.317505,1985.373413,1448.785522
VT_2573061663_Ulmaceae_Ulmus_americana,15,756,0,VT_2573061663_Ulmaceae_Ulmus_americana__1690_1109_1985_1449,5,midvein_1,midvein,1940.597809,1411.286682,250.723663,301.969177,0.996957,1689.874146,1109.317505,1985.373413,1448.785522
VT_2573061663_Ulmaceae_Ulmus_americana,15,756,0,VT_2573061663_Ulmaceae_Ulmus_americana__1690_1109_1985_1449,6,midvein_2,midvein,1928.767212,1388.802643,238.893066,279.485138,0.997545,1689.874146,1109.317505,1985.373413,1448.785522
VT_2573061663_Ulmaceae_Ulmus_americana,15,756,0,VT_2573061663_Ulmaceae_Ulmus_americana__1690_1109_1985_1449,7,midvein_3,midvein,1915.607819,1367.043213,225.733673,257.725708,0.997994,1689.874146,1109.317505,1985.373413,1448.785522
VT_2573061663_Ulmaceae_Ulmus_americana,15,756,0,VT_2573061663_Ulmaceae_Ulmus_americana__1690_1109_1985_1449,8,midvein_4,midvein,1901.506256,1345.897583,211.632111,236.580078,0.997925,1689.874146,1109.317505,1985.373413,1448.785522
VT_2573061663_Ulmaceae_Ulmus_americana,15,756,0,VT_2573061663_Ulmaceae_Ulmus_americana__1690_1109_1985_1449,9,midvein_5,midvein,1886.67186,1325.401978,196.797714,216.084473,0.997766,1689.874146,1109.317505,1985.373413,1448.785522
VT_2573061663_Ulmaceae_Ulmus_americana,15,756,0,VT_2573061663_Ulmaceae_Ulmus_americana__1690_1109_1985_1449,10,midvein_6,midvein,1871.25766,1305.422516,181.383514,196.105011,0.997506,1689.874146,1109.317505,1985.373413,1448.785522
VT_2573061663_Ulmaceae_Ulmus_americana,15,756,0,VT_2573061663_Ulmaceae_Ulmus_americana__1690_1109_1985_1449,11,midvein_7,midvein,1855.47583,1285.610397,165.601685,176.292892,0.997108,1689.874146,1109.317505,1985.373413,1448.785522
VT_2573061663_Ulmaceae_Ulmus_americana,15,756,0,VT_2573061663_Ulmaceae_Ulmus_americana__1690_1109_1985_1449,12,midvein_8,midvein,1839.290375,1266.069748,149.416229,156.752243,0.996468,1689.874146,1109.317505,1985.373413,1448.785522
VT_2573061663_Ulmaceae_Ulmus_americana,15,756,0,VT_2573061663_Ulmaceae_Ulmus_americana__1690_1109_1985_1449,13,midvein_9,midvein,1822.635452,1246.85228,132.761307,137.534775,0.995748,1689.874146,1109.317505,1985.373413,1448.785522
VT_2573061663_Ulmaceae_Ulmus_americana,15,756,0,VT_2573061663_Ulmaceae_Ulmus_americana__1690_1109_1985_1449,14,midvein_10,midvein,1805.656158,1228.098831,115.782013,118.781326,0.995186,1689.874146,1109.317505,1985.373413,1448.785522
VT_2573061663_Ulmaceae_Ulmus_americana,15,756,0,VT_2573061663_Ulmaceae_Ulmus_americana__1690_1109_1985_1449,15,midvein_11,midvein,1788.395248,1209.866089,98.521103,100.548584,0.994815,1689.874146,1109.317505,1985.373413,1448.785522
VT_2573061663_Ulmaceae_Ulmus_americana,15,756,0,VT_2573061663_Ulmaceae_Ulmus_americana__1690_1109_1985_1449,16,midvein_12,midvein,1770.654961,1192.252937,80.780815,82.935432,0.994542,1689.874146,1109.317505,1985.373413,1448.785522
VT_2573061663_Ulmaceae_Ulmus_americana,15,756,0,VT_2573061663_Ulmaceae_Ulmus_americana__1690_1109_1985_1449,17,midvein_13,midvein,1752.264252,1175.222748,62.390106,65.905243,0.994115,1689.874146,1109.317505,1985.373413,1448.785522
VT_2573061663_Ulmaceae_Ulmus_americana,15,756,0,VT_2573061663_Ulmaceae_Ulmus_americana__1690_1109_1985_1449,18,midvein_14,midvein,1733.287224,1158.642456,43.413078,49.324951,0.991352,1689.874146,1109.317505,1985.373413,1448.785522
VT_2573061663_Ulmaceae_Ulmus_americana,15,756,0,VT_2573061663_Ulmaceae_Ulmus_americana__1690_1109_1985_1449,19,base_left,base,1750.302956,1131.118626,60.42881,21.801121,0.959383,1689.874146,1109.317505,1985.373413,1448.785522
VT_2573061663_Ulmaceae_Ulmus_americana,15,756,0,VT_2573061663_Ulmaceae_Ulmus_americana__1690_1109_1985_1449,20,base_center,base,1733.353569,1158.636093,43.479424,49.318588,0.978923,1689.874146,1109.317505,1985.373413,1448.785522
VT_2573061663_Ulmaceae_Ulmus_americana,15,756,0,VT_2573061663_Ulmaceae_Ulmus_americana__1690_1109_1985_1449,21,base_right,base,1714.65575,1176.840019,24.781605,67.522514,0.960745,1689.874146,1109.317505,1985.373413,1448.785522
VT_2573061663_Ulmaceae_Ulmus_americana,15,756,0,VT_2573061663_Ulmaceae_Ulmus_americana__1690_1109_1985_1449,22,lamina_base,lamina,1733.285965,1158.616951,43.411819,49.299446,0.992033,1689.874146,1109.317505,1985.373413,1448.785522
VT_2573061663_Ulmaceae_Ulmus_americana,15,756,0,VT_2573061663_Ulmaceae_Ulmus_americana__1690_1109_1985_1449,23,petiole_0,petiole,1733.342949,1158.640678,43.468803,49.323174,0.956302,1689.874146,1109.317505,1985.373413,1448.785522
VT_2573061663_Ulmaceae_Ulmus_americana,15,756,0,VT_2573061663_Ulmaceae_Ulmus_americana__1690_1109_1985_1449,24,petiole_1,petiole,1728.465668,1154.491058,38.591522,45.173553,0.953449,1689.874146,1109.317505,1985.373413,1448.785522
VT_2573061663_Ulmaceae_Ulmus_americana,15,756,0,VT_2573061663_Ulmaceae_Ulmus_americana__1690_1109_1985_1449,25,petiole_2,petiole,1723.745224,1150.468788,33.871078,41.151283,0.949281,1689.874146,1109.317505,1985.373413,1448.785522
VT_2573061663_Ulmaceae_Ulmus_americana,15,756,0,VT_2573061663_Ulmaceae_Ulmus_americana__1690_1109_1985_1449,26,petiole_3,petiole,1718.997425,1146.759651,29.12328,37.442146,0.943976,1689.874146,1109.317505,1985.373413,1448.785522
VT_2573061663_Ulmaceae_Ulmus_americana,15,756,0,VT_2573061663_Ulmaceae_Ulmus_americana__1690_1109_1985_1449,27,petiole_4,petiole,1714.032093,1143.556236,24.157948,34.238731,0.927241,1689.874146,1109.317505,1985.373413,1448.785522
VT_2573061663_Ulmaceae_Ulmus_americana,15,756,0,VT_2573061663_Ulmaceae_Ulmus_americana__1690_1109_1985_1449,28,petiole_tip,petiole,1714.425423,1143.692917,24.551277,34.375412,0.919755,1689.874146,1109.317505,1985.373413,1448.785522
VT_2573061663_Ulmaceae_Ulmus_americana,15,756,0,VT_2573061663_Ulmaceae_Ulmus_americana__1690_1109_1985_1449,29,width_left,width,1928.816956,1196.557434,238.94281,87.239929,0.983733,1689.874146,1109.317505,1985.373413,1448.785522
VT_2573061663_Ulmaceae_Ulmus_americana,15,756,0,VT_2573061663_Ulmaceae_Ulmus_americana__1690_1109_1985_1449,30,width_right,width,1755.572472,1344.159027,65.698326,234.841522,0.986056,1689.874146,1109.317505,1985.373413,1448.785522
VT_2573061663_Ulmaceae_Ulmus_americana,15,758,0,VT_2573061663_Ulmaceae_Ulmus_americana__1498_714_1699_989,0,lamina_tip,lamina,1618.259628,716.546427,120.545761,2.70878,0.641864,1497.713867,713.837646,1699.002441,988.913269
VT_2573061663_Ulmaceae_Ulmus_americana,15,758,0,VT_2573061663_Ulmaceae_Ulmus_americana__1498_714_1699_989,1,apex_left,apex,1601.399231,731.569935,103.685364,17.732288,0.691359,1497.713867,713.837646,1699.002441,988.913269
VT_2573061663_Ulmaceae_Ulmus_americana,15,758,0,VT_2573061663_Ulmaceae_Ulmus_americana__1498_714_1699_989,2,apex_center,apex,1618.454666,716.064167,120.740799,2.226521,0.563502,1497.713867,713.837646,1699.002441,988.913269
VT_2573061663_Ulmaceae_Ulmus_americana,15,758,0,VT_2573061663_Ulmaceae_Ulmus_americana__1498_714_1699_989,3,apex_right,apex,1629.515396,735.224567,131.801529,21.386921,0.693724,1497.713867,713.837646,1699.002441,988.913269
VT_2573061663_Ulmaceae_Ulmus_americana,15,758,0,VT_2573061663_Ulmaceae_Ulmus_americana__1498_714_1699_989,4,midvein_0,midvein,1618.131302,716.803032,120.417435,2.965385,0.896469,1497.713867,713.837646,1699.002441,988.913269
VT_2573061663_Ulmaceae_Ulmus_americana,15,758,0,VT_2573061663_Ulmaceae_Ulmus_americana__1498_714_1699_989,5,midvein_1,midvein,1615.617966,732.274227,117.904099,18.436581,0.963791,1497.713867,713.837646,1699.002441,988.913269
VT_2573061663_Ulmaceae_Ulmus_americana,15,758,0,VT_2573061663_Ulmaceae_Ulmus_americana__1498_714_1699_989,6,midvein_2,midvein,1612.828613,748.521675,115.114746,34.684029,0.982684,1497.713867,713.837646,1699.002441,988.913269
VT_2573061663_Ulmaceae_Ulmus_americana,15,758,0,VT_2573061663_Ulmaceae_Ulmus_americana__1498_714_1699_989,7,midvein_3,midvein,1610.040756,765.155518,112.326889,51.317871,0.988027,1497.713867,713.837646,1699.002441,988.913269
VT_2573061663_Ulmaceae_Ulmus_americana,15,758,0,VT_2573061663_Ulmaceae_Ulmus_americana__1498_714_1699_989,8,midvein_4,midvein,1607.387329,781.882057,109.673462,68.044411,0.990364,1497.713867,713.837646,1699.002441,988.913269
VT_2573061663_Ulmaceae_Ulmus_americana,15,758,0,VT_2573061663_Ulmaceae_Ulmus_americana__1498_714_1699_989,9,midvein_5,midvein,1604.917747,798.595772,107.20388,84.758125,0.991715,1497.713867,713.837646,1699.002441,988.913269
VT_2573061663_Ulmaceae_Ulmus_americana,15,758,0,VT_2573061663_Ulmaceae_Ulmus_americana__1498_714_1699_989,10,midvein_6,midvein,1602.657051,815.34993,104.943184,101.512283,0.992534,1497.713867,713.837646,1699.002441,988.913269
VT_2573061663_Ulmaceae_Ulmus_americana,15,758,0,VT_2573061663_Ulmaceae_Ulmus_americana__1498_714_1699_989,11,midvein_7,midvein,1600.674774,831.97673,102.960907,118.139084,0.992723,1497.713867,713.837646,1699.002441,988.913269
VT_2573061663_Ulmaceae_Ulmus_americana,15,758,0,VT_2573061663_Ulmaceae_Ulmus_americana__1498_714_1699_989,12,midvein_8,midvein,1598.854881,848.616577,101.141014,134.778931,0.992595,1497.713867,713.837646,1699.002441,988.913269
VT_2573061663_Ulmaceae_Ulmus_americana,15,758,0,VT_2573061663_Ulmaceae_Ulmus_americana__1498_714_1699_989,13,midvein_9,midvein,1596.966316,865.477829,99.252449,151.640182,0.992452,1497.713867,713.837646,1699.002441,988.913269
VT_2573061663_Ulmaceae_Ulmus_americana,15,758,0,VT_2573061663_Ulmaceae_Ulmus_americana__1498_714_1699_989,14,midvein_10,midvein,1595.001503,882.216858,97.287636,168.379211,0.992224,1497.713867,713.837646,1699.002441,988.913269
VT_2573061663_Ulmaceae_Ulmus_americana,15,758,0,VT_2573061663_Ulmaceae_Ulmus_americana__1498_714_1699_989,15,midvein_11,midvein,1592.78759,898.883026,95.073723,185.04538,0.991989,1497.713867,713.837646,1699.002441,988.913269
VT_2573061663_Ulmaceae_Ulmus_americana,15,758,0,VT_2573061663_Ulmaceae_Ulmus_americana__1498_714_1699_989,16,midvein_12,midvein,1590.080246,915.362122,92.366379,201.524475,0.991556,1497.713867,713.837646,1699.002441,988.913269
VT_2573061663_Ulmaceae_Ulmus_americana,15,758,0,VT_2573061663_Ulmaceae_Ulmus_americana__1498_714_1699_989,17,midvein_13,midvein,1586.591522,931.557129,88.877655,217.719482,0.991187,1497.713867,713.837646,1699.002441,988.913269
VT_2573061663_Ulmaceae_Ulmus_americana,15,758,0,VT_2573061663_Ulmaceae_Ulmus_americana__1498_714_1699_989,18,midvein_14,midvein,1582.064407,947.307007,84.35054,233.46936,0.990585,1497.713867,713.837646,1699.002441,988.913269
VT_2573061663_Ulmaceae_Ulmus_americana,15,758,0,VT_2573061663_Ulmaceae_Ulmus_americana__1498_714_1699_989,19,base_left,base,1570.350861,951.913513,72.636993,238.075867,0.965893,1497.713867,713.837646,1699.002441,988.913269
VT_2573061663_Ulmaceae_Ulmus_americana,15,758,0,VT_2573061663_Ulmaceae_Ulmus_americana__1498_714_1699_989,20,base_center,base,1581.868385,947.728058,84.154518,233.890411,0.98139,1497.713867,713.837646,1699.002441,988.913269
VT_2573061663_Ulmaceae_Ulmus_americana,15,758,0,VT_2573061663_Ulmaceae_Ulmus_americana__1498_714_1699_989,21,base_right,base,1590.078255,956.728668,92.364388,242.891022,0.964432,1497.713867,713.837646,1699.002441,988.913269
VT_2573061663_Ulmaceae_Ulmus_americana,15,758,0,VT_2573061663_Ulmaceae_Ulmus_americana__1498_714_1699_989,22,lamina_base,lamina,1581.945793,947.280884,84.231926,233.443237,0.995103,1497.713867,713.837646,1699.002441,988.913269
VT_2573061663_Ulmaceae_Ulmus_americana,15,758,0,VT_2573061663_Ulmaceae_Ulmus_americana__1498_714_1699_989,23,petiole_0,petiole,1581.936394,947.35968,84.222527,233.522034,0.987702,1497.713867,713.837646,1699.002441,988.913269
VT_2573061663_Ulmaceae_Ulmus_americana,15,758,0,VT_2573061663_Ulmaceae_Ulmus_americana__1498_714_1699_989,24,petiole_1,petiole,1575.490578,954.679474,77.776711,240.841827,0.988053,1497.713867,713.837646,1699.002441,988.913269
VT_2573061663_Ulmaceae_Ulmus_americana,15,758,0,VT_2573061663_Ulmaceae_Ulmus_americana__1498_714_1699_989,25,petiole_2,petiole,1568.727684,961.536469,71.013817,247.698822,0.987669,1497.713867,713.837646,1699.002441,988.913269
VT_2573061663_Ulmaceae_Ulmus_americana,15,758,0,VT_2573061663_Ulmaceae_Ulmus_americana__1498_714_1699_989,26,petiole_3,petiole,1562.182838,967.998016,64.468971,254.16037,0.985518,1497.713867,713.837646,1699.002441,988.913269
VT_2573061663_Ulmaceae_Ulmus_americana,15,758,0,VT_2573061663_Ulmaceae_Ulmus_americana__1498_714_1699_989,27,petiole_4,petiole,1556.438362,974.000977,58.724495,260.16333,0.975965,1497.713867,713.837646,1699.002441,988.913269
VT_2573061663_Ulmaceae_Ulmus_americana,15,758,0,VT_2573061663_Ulmaceae_Ulmus_americana__1498_714_1699_989,28,petiole_tip,petiole,1556.982391,974.2117,59.268524,260.374054,0.978577,1497.713867,713.837646,1699.002441,988.913269
VT_2573061663_Ulmaceae_Ulmus_americana,15,758,0,VT_2573061663_Ulmaceae_Ulmus_americana__1498_714_1699_989,29,width_left,width,1514.342564,825.501495,16.628696,111.663849,0.941285,1497.713867,713.837646,1699.002441,988.913269
VT_2573061663_Ulmaceae_Ulmus_americana,15,758,0,VT_2573061663_Ulmaceae_Ulmus_americana__1498_714_1699_989,30,width_right,width,1679.783676,848.666367,182.069809,134.82872,0.938637,1497.713867,713.837646,1699.002441,988.913269
VT_2573061663_Ulmaceae_Ulmus_americana,15,761,0,VT_2573061663_Ulmaceae_Ulmus_americana__1432_1583_1580_1718,0,lamina_tip,lamina,1573.182785,1646.048203,140.697678,62.61937,0.981537,1432.485107,1583.428833,1580.417358,1717.990479
VT_2573061663_Ulmaceae_Ulmus_americana,15,761,0,VT_2573061663_Ulmaceae_Ulmus_americana__1432_1583_1580_1718,1,apex_left,apex,1560.18428,1636.946701,127.699173,53.517868,0.971607,1432.485107,1583.428833,1580.417358,1717.990479
VT_2573061663_Ulmaceae_Ulmus_americana,15,761,0,VT_2573061663_Ulmaceae_Ulmus_americana__1432_1583_1580_1718,2,apex_center,apex,1573.26564,1646.167297,140.780533,62.738464,0.975066,1432.485107,1583.428833,1580.417358,1717.990479
VT_2573061663_Ulmaceae_Ulmus_americana,15,761,0,VT_2573061663_Ulmaceae_Ulmus_americana__1432_1583_1580_1718,3,apex_right,apex,1558.809875,1651.130577,126.324768,67.701744,0.97117,1432.485107,1583.428833,1580.417358,1717.990479
VT_2573061663_Ulmaceae_Ulmus_americana,15,761,0,VT_2573061663_Ulmaceae_Ulmus_americana__1432_1583_1580_1718,4,midvein_0,midvein,1573.107452,1645.958893,140.622345,62.53006,0.988979,1432.485107,1583.428833,1580.417358,1717.990479
VT_2573061663_Ulmaceae_Ulmus_americana,15,761,0,VT_2573061663_Ulmaceae_Ulmus_americana__1432_1583_1580_1718,5,midvein_1,midvein,1564.867401,1643.854088,132.382294,60.425255,0.993482,1432.485107,1583.428833,1580.417358,1717.990479
VT_2573061663_Ulmaceae_Ulmus_americana,15,761,0,VT_2573061663_Ulmaceae_Ulmus_americana__1432_1583_1580_1718,6,midvein_2,midvein,1556.542038,1643.28093,124.056931,59.852097,0.994085,1432.485107,1583.428833,1580.417358,1717.990479
VT_2573061663_Ulmaceae_Ulmus_americana,15,761,0,VT_2573061663_Ulmaceae_Ulmus_americana__1432_1583_1580_1718,7,midvein_3,midvein,1548.246155,1643.634087,115.761047,60.205254,0.99446,1432.485107,1583.428833,1580.417358,1717.990479
VT_2573061663_Ulmaceae_Ulmus_americana,15,761,0,VT_2573061663_Ulmaceae_Ulmus_americana__1432_1583_1580_1718,8,midvein_4,midvein,1539.941429,1644.439514,107.456322,61.010681,0.994336,1432.485107,1583.428833,1580.417358,1717.990479
VT_2573061663_Ulmaceae_Ulmus_americana,15,761,0,VT_2573061663_Ulmaceae_Ulmus_americana__1432_1583_1580_1718,9,midvein_5,midvein,1531.661018,1645.38501,99.175911,61.956177,0.994157,1432.485107,1583.428833,1580.417358,1717.990479
VT_2573061663_Ulmaceae_Ulmus_americana,15,761,0,VT_2573061663_Ulmaceae_Ulmus_americana__1432_1583_1580_1718,10,midvein_6,midvein,1523.347206,1646.339119,90.862099,62.910286,0.994072,1432.485107,1583.428833,1580.417358,1717.990479
VT_2573061663_Ulmaceae_Ulmus_americana,15,761,0,VT_2573061663_Ulmaceae_Ulmus_americana__1432_1583_1580_1718,11,midvein_7,midvein,1514.920364,1647.162811,82.435257,63.733978,0.993809,1432.485107,1583.428833,1580.417358,1717.990479
VT_2573061663_Ulmaceae_Ulmus_americana,15,761,0,VT_2573061663_Ulmaceae_Ulmus_americana__1432_1583_1580_1718,12,midvein_8,midvein,1506.417183,1647.957367,73.932076,64.528534,0.993394,1432.485107,1583.428833,1580.417358,1717.990479
VT_2573061663_Ulmaceae_Ulmus_americana,15,761,0,VT_2573061663_Ulmaceae_Ulmus_americana__1432_1583_1580_1718,13,midvein_9,midvein,1497.879807,1648.845535,65.394699,65.416702,0.992801,1432.485107,1583.428833,1580.417358,1717.990479
VT_2573061663_Ulmaceae_Ulmus_americana,15,761,0,VT_2573061663_Ulmaceae_Ulmus_americana__1432_1583_1580_1718,14,midvein_10,midvein,1489.393379,1649.966232,56.908272,66.537399,0.992256,1432.485107,1583.428833,1580.417358,1717.990479
VT_2573061663_Ulmaceae_Ulmus_americana,15,761,0,VT_2573061663_Ulmaceae_Ulmus_americana__1432_1583_1580_1718,15,midvein_11,midvein,1481.033455,1651.496117,48.548347,68.067284,0.99163,1432.485107,1583.428833,1580.417358,1717.990479
VT_2573061663_Ulmaceae_Ulmus_americana,15,761,0,VT_2573061663_Ulmaceae_Ulmus_americana__1432_1583_1580_1718,16,midvein_12,midvein,1472.950256,1653.665321,40.465149,70.236488,0.99074,1432.485107,1583.428833,1580.417358,1717.990479
VT_2573061663_Ulmaceae_Ulmus_americana,15,761,0,VT_2573061663_Ulmaceae_Ulmus_americana__1432_1583_1580_1718,17,midvein_13,midvein,1465.330788,1656.715401,32.84568,73.286568,0.989357,1432.485107,1583.428833,1580.417358,1717.990479
VT_2573061663_Ulmaceae_Ulmus_americana,15,761,0,VT_2573061663_Ulmaceae_Ulmus_americana__1432_1583_1580_1718,18,midvein_14,midvein,1458.254719,1660.835953,25.769611,77.40712,0.98943,1432.485107,1583.428833,1580.417358,1717.990479
VT_2573061663_Ulmaceae_Ulmus_americana,15,761,0,VT_2573061663_Ulmaceae_Ulmus_americana__1432_1583_1580_1718,19,base_left,base,1450.355225,1657.073753,17.870117,73.64492,0.931069,1432.485107,1583.428833,1580.417358,1717.990479
VT_2573061663_Ulmaceae_Ulmus_americana,15,761,0,VT_2573061663_Ulmaceae_Ulmus_americana__1432_1583_1580_1718,20,base_center,base,1458.212696,1660.773811,25.727589,77.344978,0.968831,1432.485107,1583.428833,1580.417358,1717.990479
VT_2573061663_Ulmaceae_Ulmus_americana,15,761,0,VT_2573061663_Ulmaceae_Ulmus_americana__1432_1583_1580_1718,21,base_right,base,1455.149891,1667.62133,22.664783,84.192497,0.932089,1432.485107,1583.428833,1580.417358,1717.990479
VT_2573061663_Ulmaceae_Ulmus_americana,15,761,0,VT_2573061663_Ulmaceae_Ulmus_americana__1432_1583_1580_1718,22,lamina_base,lamina,1458.290173,1660.868782,25.805065,77.439949,0.99063,1432.485107,1583.428833,1580.417358,1717.990479
VT_2573061663_Ulmaceae_Ulmus_americana,15,761,0,VT_2573061663_Ulmaceae_Ulmus_americana__1432_1583_1580_1718,23,petiole_0,petiole,1458.247768,1660.861809,25.762661,77.432976,0.958727,1432.485107,1583.428833,1580.417358,1717.990479
VT_2573061663_Ulmaceae_Ulmus_americana,15,761,0,VT_2573061663_Ulmaceae_Ulmus_americana__1432_1583_1580_1718,24,petiole_1,petiole,1456.228168,1665.346848,23.743061,81.918015,0.965347,1432.485107,1583.428833,1580.417358,1717.990479
VT_2573061663_Ulmaceae_Ulmus_americana,15,761,0,VT_2573061663_Ulmaceae_Ulmus_americana__1432_1583_1580_1718,25,petiole_2,petiole,1454.500183,1669.822006,22.015076,86.393173,0.970527,1432.485107,1583.428833,1580.417358,1717.990479
VT_2573061663_Ulmaceae_Ulmus_americana,15,761,0,VT_2573061663_Ulmaceae_Ulmus_americana__1432_1583_1580_1718,26,petiole_3,petiole,1452.917778,1674.118805,20.432671,90.689972,0.971702,1432.485107,1583.428833,1580.417358,1717.990479
VT_2573061663_Ulmaceae_Ulmus_americana,15,761,0,VT_2573061663_Ulmaceae_Ulmus_americana__1432_1583_1580_1718,27,petiole_4,petiole,1451.344982,1678.002144,18.859875,94.573311,0.961926,1432.485107,1583.428833,1580.417358,1717.990479
VT_2573061663_Ulmaceae_Ulmus_americana,15,761,0,VT_2573061663_Ulmaceae_Ulmus_americana__1432_1583_1580_1718,28,petiole_tip,petiole,1451.088127,1677.504082,18.60302,94.075249,0.960695,1432.485107,1583.428833,1580.417358,1717.990479
VT_2573061663_Ulmaceae_Ulmus_americana,15,761,0,VT_2573061663_Ulmaceae_Ulmus_americana__1432_1583_1580_1718,29,width_left,width,1485.001282,1597.813955,52.516174,14.385122,0.96304,1432.485107,1583.428833,1580.417358,1717.990479
VT_2573061663_Ulmaceae_Ulmus_americana,15,761,0,VT_2573061663_Ulmaceae_Ulmus_americana__1432_1583_1580_1718,30,width_right,width,1502.905144,1703.670105,70.420036,120.241272,0.9618,1432.485107,1583.428833,1580.417358,1717.990479
VT_2573061663_Ulmaceae_Ulmus_americana,15,763,0,VT_2573061663_Ulmaceae_Ulmus_americana__1628_1006_1743_1186,0,lamina_tip,lamina,1664.449726,1014.358925,36.041767,8.457558,0.973078,1628.407959,1005.901367,1742.851807,1186.261719
VT_2573061663_Ulmaceae_Ulmus_americana,15,763,0,VT_2573061663_Ulmaceae_Ulmus_americana__1628_1006_1743_1186,1,apex_left,apex,1662.617687,1023.382435,34.209728,17.481068,0.956364,1628.407959,1005.901367,1742.851807,1186.261719
VT_2573061663_Ulmaceae_Ulmus_americana,15,763,0,VT_2573061663_Ulmaceae_Ulmus_americana__1628_1006_1743_1186,2,apex_center,apex,1664.352283,1013.993399,35.944324,8.092031,0.965042,1628.407959,1005.901367,1742.851807,1186.261719
VT_2573061663_Ulmaceae_Ulmus_americana,15,763,0,VT_2573061663_Ulmaceae_Ulmus_americana__1628_1006_1743_1186,3,apex_right,apex,1669.654869,1021.232449,41.24691,15.331081,0.956493,1628.407959,1005.901367,1742.851807,1186.261719
VT_2573061663_Ulmaceae_Ulmus_americana,15,763,0,VT_2573061663_Ulmaceae_Ulmus_americana__1628_1006_1743_1186,4,midvein_0,midvein,1664.486179,1014.676546,36.07822,8.775179,0.984147,1628.407959,1005.901367,1742.851807,1186.261719
VT_2573061663_Ulmaceae_Ulmus_americana,15,763,0,VT_2573061663_Ulmaceae_Ulmus_americana__1628_1006_1743_1186,5,midvein_1,midvein,1667.235889,1024.403351,38.82793,18.501984,0.990649,1628.407959,1005.901367,1742.851807,1186.261719
VT_2573061663_Ulmaceae_Ulmus_americana,15,763,0,VT_2573061663_Ulmaceae_Ulmus_americana__1628_1006_1743_1186,6,midvein_2,midvein,1669.751324,1034.299049,41.343365,28.397682,0.991791,1628.407959,1005.901367,1742.851807,1186.261719
VT_2573061663_Ulmaceae_Ulmus_americana,15,763,0,VT_2573061663_Ulmaceae_Ulmus_americana__1628_1006_1743_1186,7,midvein_3,midvein,1672.170143,1044.201038,43.762184,38.299671,0.992589,1628.407959,1005.901367,1742.851807,1186.261719
VT_2573061663_Ulmaceae_Ulmus_americana,15,763,0,VT_2573061663_Ulmaceae_Ulmus_americana__1628_1006_1743_1186,8,midvein_4,midvein,1674.531975,1054.086891,46.124016,48.185524,0.992876,1628.407959,1005.901367,1742.851807,1186.261719
VT_2573061663_Ulmaceae_Ulmus_americana,15,763,0,VT_2573061663_Ulmaceae_Ulmus_americana__1628_1006_1743_1186,9,midvein_5,midvein,1676.837852,1063.94445,48.429893,58.043083,0.99294,1628.407959,1005.901367,1742.851807,1186.261719
VT_2573061663_Ulmaceae_Ulmus_americana,15,763,0,VT_2573061663_Ulmaceae_Ulmus_americana__1628_1006_1743_1186,10,midvein_6,midvein,1679.080853,1073.800529,50.672894,67.899162,0.993077,1628.407959,1005.901367,1742.851807,1186.261719
VT_2573061663_Ulmaceae_Ulmus_americana,15,763,0,VT_2573061663_Ulmaceae_Ulmus_americana__1628_1006_1743_1186,11,midvein_7,midvein,1681.274918,1083.56916,52.866959,77.667793,0.993126,1628.407959,1005.901367,1742.851807,1186.261719
VT_2573061663_Ulmaceae_Ulmus_americana,15,763,0,VT_2573061663_Ulmaceae_Ulmus_americana__1628_1006_1743_1186,12,midvein_8,midvein,1683.320908,1093.384056,54.912949,87.482689,0.993018,1628.407959,1005.901367,1742.851807,1186.261719
VT_2573061663_Ulmaceae_Ulmus_americana,15,763,0,VT_2573061663_Ulmaceae_Ulmus_americana__1628_1006_1743_1186,13,midvein_9,midvein,1685.243118,1103.292679,56.835159,97.391312,0.99272,1628.407959,1005.901367,1742.851807,1186.261719
VT_2573061663_Ulmaceae_Ulmus_americana,15,763,0,VT_2573061663_Ulmaceae_Ulmus_americana__1628_1006_1743_1186,14,midvein_10,midvein,1687.058899,1113.21801,58.65094,107.316643,0.992232,1628.407959,1005.901367,1742.851807,1186.261719
VT_2573061663_Ulmaceae_Ulmus_americana,15,763,0,VT_2573061663_Ulmaceae_Ulmus_americana__1628_1006_1743_1186,15,midvein_11,midvein,1688.738533,1123.211838,60.330574,117.310471,0.991428,1628.407959,1005.901367,1742.851807,1186.261719
VT_2573061663_Ulmaceae_Ulmus_americana,15,763,0,VT_2573061663_Ulmaceae_Ulmus_americana__1628_1006_1743_1186,16,midvein_12,midvein,1690.257645,1133.256317,61.849686,127.35495,0.990241,1628.407959,1005.901367,1742.851807,1186.261719
VT_2573061663_Ulmaceae_Ulmus_americana,15,763,0,VT_2573061663_Ulmaceae_Ulmus_americana__1628_1006_1743_1186,17,midvein_13,midvein,1691.605843,1143.2883,63.197884,137.386932,0.988343,1628.407959,1005.901367,1742.851807,1186.261719
VT_2573061663_Ulmaceae_Ulmus_americana,15,763,0,VT_2573061663_Ulmaceae_Ulmus_americana__1628_1006_1743_1186,18,midvein_14,midvein,1692.848808,1153.169281,64.440849,147.267914,0.983655,1628.407959,1005.901367,1742.851807,1186.261719
VT_2573061663_Ulmaceae_Ulmus_americana,15,763,0,VT_2573061663_Ulmaceae_Ulmus_americana__1628_1006_1743_1186,19,base_left,base,1688.373619,1155.259125,59.96566,149.357758,0.939601,1628.407959,1005.901367,1742.851807,1186.261719
VT_2573061663_Ulmaceae_Ulmus_americana,15,763,0,VT_2573061663_Ulmaceae_Ulmus_americana__1628_1006_1743_1186,20,base_center,base,1692.884666,1153.734497,64.476707,147.83313,0.956558,1628.407959,1005.901367,1742.851807,1186.261719
VT_2573061663_Ulmaceae_Ulmus_americana,15,763,0,VT_2573061663_Ulmaceae_Ulmus_americana__1628_1006_1743_1186,21,base_right,base,1697.167351,1153.89563,68.759392,147.994263,0.939389,1628.407959,1005.901367,1742.851807,1186.261719
VT_2573061663_Ulmaceae_Ulmus_americana,15,763,0,VT_2573061663_Ulmaceae_Ulmus_americana__1628_1006_1743_1186,22,lamina_base,lamina,1692.838013,1153.302444,64.430054,147.401077,0.980309,1628.407959,1005.901367,1742.851807,1186.261719
VT_2573061663_Ulmaceae_Ulmus_americana,15,763,0,VT_2573061663_Ulmaceae_Ulmus_americana__1628_1006_1743_1186,23,petiole_0,petiole,1692.870453,1153.419739,64.462494,147.518372,0.906947,1628.407959,1005.901367,1742.851807,1186.261719
VT_2573061663_Ulmaceae_Ulmus_americana,15,763,0,VT_2573061663_Ulmaceae_Ulmus_americana__1628_1006_1743_1186,24,petiole_1,petiole,1694.008751,1159.110046,65.600792,153.208679,0.896478,1628.407959,1005.901367,1742.851807,1186.261719
VT_2573061663_Ulmaceae_Ulmus_americana,15,763,0,VT_2573061663_Ulmaceae_Ulmus_americana__1628_1006_1743_1186,25,petiole_2,petiole,1695.07972,1164.279114,66.671761,158.377747,0.871003,1628.407959,1005.901367,1742.851807,1186.261719
VT_2573061663_Ulmaceae_Ulmus_americana,15,763,0,VT_2573061663_Ulmaceae_Ulmus_americana__1628_1006_1743_1186,26,petiole_3,petiole,1696.049454,1168.791641,67.641495,162.890274,0.820573,1628.407959,1005.901367,1742.851807,1186.261719
VT_2573061663_Ulmaceae_Ulmus_americana,15,763,0,VT_2573061663_Ulmaceae_Ulmus_americana__1628_1006_1743_1186,27,petiole_4,petiole,1696.797775,1172.354187,68.389816,166.45282,0.739696,1628.407959,1005.901367,1742.851807,1186.261719
VT_2573061663_Ulmaceae_Ulmus_americana,15,763,0,VT_2573061663_Ulmaceae_Ulmus_americana__1628_1006_1743_1186,28,petiole_tip,petiole,1696.287872,1169.693359,67.879913,163.791992,0.800569,1628.407959,1005.901367,1742.851807,1186.261719
VT_2573061663_Ulmaceae_Ulmus_americana,15,763,0,VT_2573061663_Ulmaceae_Ulmus_americana__1628_1006_1743_1186,29,width_left,width,1642.615471,1099.360252,14.207512,93.458885,0.966612,1628.407959,1005.901367,1742.851807,1186.261719
VT_2573061663_Ulmaceae_Ulmus_americana,15,763,0,VT_2573061663_Ulmaceae_Ulmus_americana__1628_1006_1743_1186,30,width_right,width,1726.865257,1082.162155,98.457298,76.260788,0.966892,1628.407959,1005.901367,1742.851807,1186.261719
