"leaf","area_px","perimeter_px","elongation","circularity","convexity","solidity"
"1432_1583_1580_1718",8996,466.9,0.1323,24.23,0.7686,0.9343
"1628_1006_1743_1186",9732,488.6,0.3381,24.53,0.7386,0.9374
"1498_714_1699_989",30000,898.1,0.2775,26.89,0.6939,0.9349
"1690_1109_1985_1449",55120,1268,0.3662,29.16,0.7123,0.9421
"1086_1595_1439_1898",59840,1275,0.3049,27.17,0.7012,0.9478
"1674_616_2025_1157",98660,1794,0.4304,32.62,0.6776,0.9428
"1207_928_1583_1553",127500,1893,0.4242,28.11,0.7464,0.9355
"28_1363_533_2156",222300,2633,0.4725,31.2,0.7073,0.9444
"554_1708_1160_2401",226700,2579,0.4592,29.35,0.7184,0.9429
"1195_2193_1914_2818",234300,2626,0.4535,29.43,0.7283,0.9432
"455_383_1237_1026",282000,2877,0.4505,29.35,0.7355,0.9326
"385_923_1152_1710",355200,3141,0.4303,27.77,0.7328,0.9558
"63_2281_1022_3038",388600,3315,0.4871,28.28,0.7402,0.9475
