id,image,image_stem,specimen_id,leaf_id,detection_id,instance_index,tree,mask_includes,box_x1,box_y1,box_x2,box_y2,orientation_angle_degreesCW,outline_points,pad_px,image_width,image_height,cf_px_per_cm,cf_source,cf_px_per_cm_predicted_by_mp,work_scale
VT_2573061663_Ulmaceae_Ulmus_americana__or-MOMOCS-lamina__1207_928_1583_1553,VT_2573061663_Ulmaceae_Ulmus_americana__or-MOMOCS-lamina__1207_928_1583_1553.jpg,VT_2573061663_Ulmaceae_Ulmus_americana,15,182,746,0,Leaf_Oriented,lamina,1207,928,1583,1553,167.21036793005334,1599,10,360,609,71.41167182740281,measured_from_ruler,70.83,0.5698005698005698
VT_2573061663_Ulmaceae_Ulmus_americana__or-MOMOCS-lamina__1086_1595_1439_1898,VT_2573061663_Ulmaceae_Ulmus_americana__or-MOMOCS-lamina__1086_1595_1439_1898.jpg,VT_2573061663_Ulmaceae_Ulmus_americana,15,184,747,0,Leaf_Oriented,lamina,1086,1595,1439,1898,122.14239430403511,1054,10,268,382,71.41167182740281,measured_from_ruler,70.83,0.5698005698005698
VT_2573061663_Ulmaceae_Ulmus_americana__or-MOMOCS-lamina__1674_616_2025_1157,VT_2573061663_Ulmaceae_Ulmus_americana__or-MOMOCS-lamina__1674_616_2025_1157.jpg,VT_2573061663_Ulmaceae_Ulmus_americana,15,186,748,0,Leaf_Oriented,lamina,1674,616,2025,1157,333.02566593418044,1493,10,317,543,71.41167182740281,measured_from_ruler,70.83,0.5698005698005698
VT_2573061663_Ulmaceae_Ulmus_americana__or-MOMOCS-lamina__28_1363_533_2156,VT_2573061663_Ulmaceae_Ulmus_americana__or-MOMOCS-lamina__28_1363_533_2156.jpg,VT_2573061663_Ulmaceae_Ulmus_americana,15,189,749,0,Leaf_Oriented,lamina,28,1363,533,2156,26.273757875908537,2199,10,450,833,71.41167182740281,measured_from_ruler,70.83,0.5698005698005698
VT_2573061663_Ulmaceae_Ulmus_americana__or-MOMOCS-lamina__554_1708_1160_2401,VT_2573061663_Ulmaceae_Ulmus_americana__or-MOMOCS-lamina__554_1708_1160_2401.jpg,VT_2573061663_Ulmaceae_Ulmus_americana,15,191,750,0,Leaf_Oriented,lamina,554,1708,1160,2401,42.08569961155168,2116,10,456,825,71.41167182740281,measured_from_ruler,70.83,0.5698005698005698
VT_2573061663_Ulmaceae_Ulmus_americana__or-MOMOCS-lamina__455_383_1237_1026,VT_2573061663_Ulmaceae_Ulmus_americana__or-MOMOCS-lamina__455_383_1237_1026.jpg,VT_2573061663_Ulmaceae_Ulmus_americana,15,193,751,0,Leaf_Oriented,lamina,455,383,1237,1026,52.13006024852564,2369,10,518,927,71.41167182740281,measured_from_ruler,70.83,0.5698005698005698
VT_2573061663_Ulmaceae_Ulmus_americana__or-MOMOCS-lamina__1195_2193_1914_2818,VT_2573061663_Ulmaceae_Ulmus_americana__or-MOMOCS-lamina__1195_2193_1914_2818.jpg,VT_2573061663_Ulmaceae_Ulmus_americana,15,197,752,0,Leaf_Oriented,lamina,1195,2193,1914,2818,47.87658310752807,2134,10,477,846,71.41167182740281,measured_from_ruler,70.83,0.5698005698005698
VT_2573061663_Ulmaceae_Ulmus_americana__or-MOMOCS-lamina__385_923_1152_1710,VT_2573061663_Ulmaceae_Ulmus_americana__or-MOMOCS-lamina__385_923_1152_1710.jpg,VT_2573061663_Ulmaceae_Ulmus_americana,15,200,753,0,Leaf_Oriented,lamina,385,923,1152,1710,46.275670518442375,2523,10,575,999,71.41167182740281,measured_from_ruler,70.83,0.5698005698005698
VT_2573061663_Ulmaceae_Ulmus_americana__or-MOMOCS-lamina__63_2281_1022_3038,VT_2573061663_Ulmaceae_Ulmus_americana__or-MOMOCS-lamina__63_2281_1022_3038.jpg,VT_2573061663_Ulmaceae_Ulmus_americana,15,202,754,0,Leaf_Oriented,lamina,63,2281,1022,3038,53.87751932848967,2748,10,575,1103,71.41167182740281,measured_from_ruler,70.83,0.5698005698005698
VT_2573061663_Ulmaceae_Ulmus_americana__or-MOMOCS-lamina__1690_1109_1985_1449,VT_2573061663_Ulmaceae_Ulmus_americana__or-MOMOCS-lamina__1690_1109_1985_1449.jpg,VT_2573061663_Ulmaceae_Ulmus_americana,15,204,756,0,Leaf_Oriented,lamina,1690,1109,1985,1449,218.16051950108084,1035,10,249,380,71.41167182740281,measured_from_ruler,70.83,0.5698005698005698
VT_2573061663_Ulmaceae_Ulmus_americana__or-MOMOCS-lamina__1498_714_1699_989,VT_2573061663_Ulmaceae_Ulmus_americana__or-MOMOCS-lamina__1498_714_1699_989.jpg,VT_2573061663_Ulmaceae_Ulmus_americana,15,206,758,0,Leaf_Oriented,lamina,1498,714,1699,989,351.05594546148393,757,10,200,269,71.41167182740281,measured_from_ruler,70.83,0.5698005698005698
VT_2573061663_Ulmaceae_Ulmus_americana__or-MOMOCS-lamina__1432_1583_1580_1718,VT_2573061663_Ulmaceae_Ulmus_americana__or-MOMOCS-lamina__1432_1583_1580_1718.jpg,VT_2573061663_Ulmaceae_Ulmus_americana,15,208,761,0,Leaf_Oriented,lamina,1432,1583,1580,1718,277.35028300614385,392,10,137,144,71.41167182740281,measured_from_ruler,70.83,0.5698005698005698
VT_2573061663_Ulmaceae_Ulmus_americana__or-MOMOCS-lamina__1628_1006_1743_1186,VT_2573061663_Ulmaceae_Ulmus_americana__or-MOMOCS-lamina__1628_1006_1743_1186.jpg,VT_2573061663_Ulmaceae_Ulmus_americana,15,210,763,0,Leaf_Oriented,lamina,1628,1006,1743,1186,11.54747278789729,412,10,118,163,71.41167182740281,measured_from_ruler,70.83,0.5698005698005698
