mask,num_dirs,repeat,compute_s,render_s,total_s
compound,180,0,0.14359667908865958,0.05373977799899876,0.19733645708765835
compound,180,1,0.0617924960097298,0.052983597037382424,0.11477609304711223
compound,180,2,0.07397399609908462,0.058050354942679405,0.13202435104176402
compound,180,3,0.06100812100339681,0.05414353299420327,0.11515165399760008
compound,180,4,0.06502862006891519,0.05757769092451781,0.122606310993433
compound,180,5,0.05791833496186882,0.05295297002885491,0.11087130499072373
compound,180,6,0.0607889270177111,0.05511800607200712,0.11590693308971822
compound,180,7,0.05910989991389215,0.05384869407862425,0.1129585939925164
compound,180,8,0.060098410001955926,0.05206941801588982,0.11216782801784575
compound,180,9,0.0579115420114249,0.05250165599863976,0.11041319801006466
compound,360,0,0.07110937498509884,0.14957734604831785,0.2206867210334167
compound,360,1,0.07573171204421669,0.1357428269693628,0.2114745390135795
compound,360,2,0.06814649899024516,0.13474343693815172,0.20288993592839688
compound,360,3,0.06529028492514044,0.13685179606545717,0.2021420809905976
compound,360,4,0.06771509209647775,0.15297320194076747,0.22068829403724521
compound,360,5,0.0684841179754585,0.13642352598253638,0.20490764395799488
compound,360,6,0.06614061398431659,0.1505755039397627,0.2167161179240793
compound,360,7,0.06879137991927564,0.13661951606627554,0.20541089598555118
compound,360,8,0.06488165096379817,0.1444263890152797,0.20930803997907788
compound,360,9,0.14264378603547812,0.130260193021968,0.2729039790574461
compound,720,0,0.07034375704824924,0.4330506839323789,0.5033944409806281
compound,720,1,0.07714675995521247,0.44757801305968314,0.5247247730148956
compound,720,2,0.08989499299786985,0.4447643590392545,0.5346593520371243
compound,720,3,0.08737099694553763,0.46823432005476207,0.5556053170002997
compound,720,4,0.07905845704954118,0.4538014590507373,0.5328599161002785
compound,720,5,0.08044791698921472,0.44377833302132785,0.5242262500105426
compound,720,6,0.08083302492741495,0.45310726505704224,0.5339402899844572
compound,720,7,0.07751404494047165,0.4595634420402348,0.5370774869807065
compound,720,8,0.16332653199788183,0.4642349509522319,0.6275614829501137
compound,720,9,0.0785201690159738,0.4394379999721423,0.5179581689881161
simple_entire,180,0,0.02120362303685397,0.05316123296506703,0.074364856001921
simple_entire,180,1,0.02263370796572417,0.04911370505578816,0.07174741302151233
simple_entire,180,2,0.02098388597369194,0.04948596900794655,0.07046985498163849
simple_entire,180,3,0.020475724944844842,0.05000676400959492,0.07048248895443976
simple_entire,180,4,0.035434309975244105,0.049292422947473824,0.08472673292271793
simple_entire,180,5,0.020245529944077134,0.04903864208608866,0.06928417203016579
simple_entire,180,6,0.019956363015808165,0.04936023091431707,0.06931659393012524
simple_entire,180,7,0.022956770029850304,0.06760401302017272,0.09056078305002302
simple_entire,180,8,0.021156443050131202,0.052696423954330385,0.07385286700446159
simple_entire,180,9,0.027811635984107852,0.0539889499777928,0.08180058596190065
simple_entire,360,0,0.02105970005504787,0.12775463098660111,0.14881433104164898
simple_entire,360,1,0.021900039981119335,0.12741254502907395,0.1493125850101933
simple_entire,360,2,0.021642212057486176,0.1282443079398945,0.14988651999738067
simple_entire,360,3,0.021835969062522054,0.12693680392112583,0.14877277298364788
simple_entire,360,4,0.021037598024122417,0.12890738295391202,0.14994498097803444
simple_entire,360,5,0.02101601706817746,0.1365641619777307,0.15758017904590815
simple_entire,360,6,0.022440201952122152,0.12909606005996466,0.1515362620120868
simple_entire,360,7,0.024863788043148816,0.12771869404241443,0.15258248208556324
simple_entire,360,8,0.022221197956241667,0.12940940307453275,0.15163060103077441
simple_entire,360,9,0.021765504963696003,0.1277109800139442,0.1494764849776402
simple_entire,720,0,0.02767972694709897,0.43587368505541235,0.4635534120025113
simple_entire,720,1,0.026771597913466394,0.5297068000072613,0.5564783979207277
simple_entire,720,2,0.023403265047818422,0.4313931770157069,0.4547964420635253
simple_entire,720,3,0.023499846924096346,0.45590075105428696,0.4794005979783833
simple_entire,720,4,0.027381582069210708,0.43873021099716425,0.46611179306637496
simple_entire,720,5,0.02549614489544183,0.43525484402198344,0.4607509889174253
simple_entire,720,6,0.028149896999821067,0.43292604701127857,0.46107594401109964
simple_entire,720,7,0.02808137598913163,0.4264955500839278,0.45457692607305944
simple_entire,720,8,0.025412215967662632,0.43853227607905865,0.4639444920467213
simple_entire,720,9,0.026641882956027985,0.4792635489720851,0.5059054319281131
simple_lobed,180,0,0.09691212000325322,0.05097833299078047,0.1478904529940337
simple_lobed,180,1,0.0989545249613002,0.055405781022273004,0.1543603059835732
simple_lobed,180,2,0.10053406399674714,0.13638551300391555,0.23691957700066268
simple_lobed,180,3,0.10945587605237961,0.057173065026290715,0.16662894107867032
simple_lobed,180,4,0.10613457194995135,0.05281558900605887,0.15895016095601022
simple_lobed,180,5,0.1096704420633614,0.05242349801119417,0.16209394007455558
simple_lobed,180,6,0.10689876799006015,0.05152707104571164,0.1584258390357718
simple_lobed,180,7,0.0989616879960522,0.05340211989823729,0.1523638078942895
simple_lobed,180,8,0.19653794600162655,0.051644313032738864,0.24818225903436542
simple_lobed,180,9,0.10645528906024992,0.052386667928658426,0.15884195698890835
simple_lobed,360,0,0.11350476799998432,0.14822197996545583,0.26172674796544015
simple_lobed,360,1,0.11388614901807159,0.1523802289739251,0.2662663779919967
simple_lobed,360,2,0.11273442988749593,0.13221529207658023,0.24494972196407616
simple_lobed,360,3,0.11303603101987392,0.1316535589285195,0.2446895899483934
simple_lobed,360,4,0.2003106550546363,0.13356469594873488,0.3338753510033712
simple_lobed,360,5,0.11285699100699276,0.14503226603846997,0.2578892570454627
simple_lobed,360,6,0.11983567697461694,0.15651386103127152,0.27634953800588846
simple_lobed,360,7,0.10968301596585661,0.13172468298580498,0.2414076989516616
simple_lobed,360,8,0.13723358802963048,0.13282399403396994,0.2700575820636004
simple_lobed,360,9,0.10570173198357224,0.13320265104994178,0.23890438303351402
simple_lobed,720,0,0.12427078990731388,0.4430339940590784,0.5673047839663923
simple_lobed,720,1,0.14445562404580414,0.436125512002036,0.5805811360478401
simple_lobed,720,2,0.14362883009016514,0.4369099849136546,0.5805388150038198
simple_lobed,720,3,0.13931920495815575,0.43630997999571264,0.5756291849538684
simple_lobed,720,4,0.1424666700186208,0.4400935299927369,0.5825602000113577
simple_lobed,720,5,0.22843721706885844,0.44423179992008954,0.672669016988948
simple_lobed,720,6,0.1423682440072298,0.4432654019910842,0.585633645998314
simple_lobed,720,7,0.1364099500933662,0.46077894093468785,0.5971888910280541
simple_lobed,720,8,0.14340119797270745,0.4357562529621646,0.579157450934872
simple_lobed,720,9,0.14280040096491575,0.4363748539471999,0.5791752549121156
simple_toothed_lobed,180,0,0.04411520599387586,0.05277607496827841,0.09689128096215427
simple_toothed_lobed,180,1,0.04159050900489092,0.0548294500913471,0.09641995909623802
simple_toothed_lobed,180,2,0.04491610103286803,0.05215027101803571,0.09706637205090374
simple_toothed_lobed,180,3,0.042389180045574903,0.05456304596737027,0.09695222601294518
simple_toothed_lobed,180,4,0.13811449497006834,0.05136088700965047,0.1894753819797188
simple_toothed_lobed,180,5,0.043596414965577424,0.04927343607414514,0.09286985103972256
simple_toothed_lobed,180,6,0.0494362449971959,0.05726949707604945,0.10670574207324535
simple_toothed_lobed,180,7,0.046773866983130574,0.04961587500292808,0.09638974198605865
simple_toothed_lobed,180,8,0.042512343963608146,0.050193878007121384,0.09270622197072953
simple_toothed_lobed,180,9,0.04080202698241919,0.05001683405134827,0.09081886103376746
simple_toothed_lobed,360,0,0.04344929603394121,0.12993543792981654,0.17338473396375775
simple_toothed_lobed,360,1,0.04276598303113133,0.12904572498518974,0.17181170801632106
simple_toothed_lobed,360,2,0.04470567300450057,0.12918593105860054,0.1738916040631011
simple_toothed_lobed,360,3,0.0420500379987061,0.12699403206352144,0.16904407006222755
simple_toothed_lobed,360,4,0.1248159110546112,0.12623339297715575,0.25104930403176695
simple_toothed_lobed,360,5,0.04534597496967763,0.12557921500410885,0.17092518997378647
simple_toothed_lobed,360,6,0.04406000196468085,0.12769849505275488,0.17175849701743573
simple_toothed_lobed,360,7,0.04317282303236425,0.12516975100152194,0.1683425740338862
simple_toothed_lobed,360,8,0.04291170905344188,0.1258684319909662,0.16878014104440808
simple_toothed_lobed,360,9,0.04396618390455842,0.12648629199247807,0.1704524758970365
simple_toothed_lobed,720,0,0.054082446033135056,0.4452783699380234,0.49936081597115844
simple_toothed_lobed,720,1,0.052095708088018,0.4360781009308994,0.4881738090189174
simple_toothed_lobed,720,2,0.05332394188735634,0.44172608805820346,0.4950500299455598
simple_toothed_lobed,720,3,0.04941705893725157,0.446229420020245,0.4956464789574966
simple_toothed_lobed,720,4,0.13369648496154696,0.426116831949912,0.559813316911459
simple_toothed_lobed,720,5,0.051818271982483566,0.42511218099389225,0.4769304529763758
simple_toothed_lobed,720,6,0.055631767958402634,0.4467365100281313,0.5023682779865339
simple_toothed_lobed,720,7,0.05334099393803626,0.4538920890772715,0.5072330830153078
simple_toothed_lobed,720,8,0.05727115995250642,0.43504250200930983,0.49231366196181625
simple_toothed_lobed,720,9,0.05454803805332631,0.43631342600565404,0.49086146405898035
simple_toothed,180,0,0.03669438406359404,0.05107047804631293,0.08776486210990697
simple_toothed,180,1,0.03568952309433371,0.05009537190198898,0.08578489499632269
simple_toothed,180,2,0.036018054001033306,0.05216057994402945,0.08817863394506276
simple_toothed,180,3,0.03475848096422851,0.05032661010045558,0.08508509106468409
simple_toothed,180,4,0.03465245000552386,0.05069248203653842,0.08534493204206228
simple_toothed,180,5,0.034441552008502185,0.04987702798098326,0.08431857998948544
simple_toothed,180,6,0.12897325691301376,0.05416097503621131,0.18313423194922507
simple_toothed,180,7,0.0389280510134995,0.051090345019474626,0.09001839603297412
simple_toothed,180,8,0.037014249013736844,0.05326482001692057,0.09027906903065741
simple_toothed,180,9,0.039114664075896144,0.05073203600477427,0.08984670008067042
simple_toothed,360,0,0.03691197605803609,0.12996432196814567,0.16687629802618176
simple_toothed,360,1,0.03743490600027144,0.12774768797680736,0.1651825939770788
simple_toothed,360,2,0.037259623990394175,0.12793991202488542,0.1651995360152796
simple_toothed,360,3,0.03704413608647883,0.12921547598671168,0.1662596120731905
simple_toothed,360,4,0.03961147402878851,0.14606052997987717,0.18567200400866568
simple_toothed,360,5,0.035204525920562446,0.12511405406985432,0.16031857999041677
simple_toothed,360,6,0.03684330603573471,0.12540791102219373,0.16225121705792844
simple_toothed,360,7,0.03659951500594616,0.15241108695045114,0.1890106019563973
simple_toothed,360,8,0.0409945510327816,0.12855964503251016,0.16955419606529176
simple_toothed,360,9,0.03813384799286723,0.126404918031767,0.16453876602463424
simple_toothed,720,0,0.04310737003106624,0.43649248499423265,0.4795998550252989
simple_toothed,720,1,0.04351364797912538,0.4461336679523811,0.48964731593150645
simple_toothed,720,2,0.04269681207370013,0.4331346709514037,0.4758314830251038
simple_toothed,720,3,0.0459307519486174,0.4358848549891263,0.4818156069377437
simple_toothed,720,4,0.04765725904144347,0.4433123799972236,0.4909696390386671
simple_toothed,720,5,0.04482982796616852,0.4342768230708316,0.4791066510370001
simple_toothed,720,6,0.040858112974092364,0.44107202102895826,0.4819301340030506
simple_toothed,720,7,0.05190399498678744,0.4379212779458612,0.48982527293264866
simple_toothed,720,8,0.042756885988637805,0.4412365109892562,0.483993396977894
simple_toothed,720,9,0.049999541020952165,0.43582533195149153,0.4858248729724437
