parent,native_mp,native_cf,target_mp,width,height,mp,cf_px_per_cm,scale,kind
FLAD_1288094006_Hypericaceae_Hypericum_desetangsii.jpg,14.73,116.6015,1.0,768,1303,1.000704,30.391741,0.260646,down
FLAD_1288094006_Hypericaceae_Hypericum_desetangsii.jpg,14.73,116.6015,1.9591,1074,1823,1.957902,42.510698,0.364581,down
FLAD_1288094006_Hypericaceae_Hypericum_desetangsii.jpg,14.73,116.6015,3.838,1504,2552,3.838208,59.520561,0.510461,down
FLAD_1288094006_Hypericaceae_Hypericum_desetangsii.jpg,14.73,116.6015,7.5189,2105,3572,7.51906,83.307584,0.714464,down
FLAD_1288094006_Hypericaceae_Hypericum_desetangsii.jpg,14.73,116.6015,14.73,2946,5000,14.73,116.6015,1.0,native
FLAD_1288094006_Hypericaceae_Hypericum_desetangsii.jpg,14.73,116.6015,15.915,3062,5197,15.913214,121.194166,1.039388,up
FLAD_1288094006_Hypericaceae_Hypericum_desetangsii.jpg,14.73,116.6015,17.225,3186,5407,17.226702,126.096733,1.081433,up
FLAD_1288094006_Hypericaceae_Hypericum_desetangsii.jpg,14.73,116.6015,18.57,3308,5614,18.571112,130.92474,1.122839,up
FLAD_1288094006_Hypericaceae_Hypericum_desetangsii.jpg,14.73,116.6015,19.815,3417,5799,19.815183,135.238955,1.159839,up
FLAD_1288094006_Hypericaceae_Hypericum_desetangsii.jpg,14.73,116.6015,21.0263,3520,5974,21.02848,139.317831,1.19482,up
FLAD_1288094006_Hypericaceae_Hypericum_desetangsii.jpg,14.73,116.6015,22.1184,3610,6127,22.11847,142.882916,1.225395,up
FLAD_1288094006_Hypericaceae_Hypericum_desetangsii.jpg,14.73,116.6015,23.736,3740,6347,23.73778,148.020823,1.269459,up
FLAD_1288094006_Hypericaceae_Hypericum_desetangsii.jpg,14.73,116.6015,24.74,3818,6480,24.74064,151.115227,1.295997,up
FLAD_1288094006_Hypericaceae_Hypericum_desetangsii.jpg,14.73,116.6015,25.9584,3911,6638,25.961218,154.797982,1.327581,up
FLAD_1288094006_Hypericaceae_Hypericum_desetangsii.jpg,14.73,116.6015,26.3511,3940,6688,26.35072,155.954894,1.337503,up
FLAD_1288094006_Hypericaceae_Hypericum_desetangsii.jpg,14.73,116.6015,29.7008,4183,7100,29.6993,165.567797,1.419946,up
FLAD_1288094006_Hypericaceae_Hypericum_desetangsii.jpg,14.73,116.6015,29.7774,4189,7109,29.779601,165.791477,1.421864,up
FLAD_1288094006_Hypericaceae_Hypericum_desetangsii.jpg,14.73,116.6015,30.3831,4231,7181,30.382811,167.46218,1.436192,up
FLAD_1288094006_Hypericaceae_Hypericum_desetangsii.jpg,14.73,116.6015,32.2812,4361,7402,32.280122,172.611747,1.480356,up
FLAD_1288094006_Hypericaceae_Hypericum_desetangsii.jpg,14.73,116.6015,33.696,4456,7562,33.696272,176.357402,1.51248,up
FLAD_1288094006_Hypericaceae_Hypericum_desetangsii.jpg,14.73,116.6015,34.823,4530,7688,34.82664,179.291026,1.537639,up
FLAD_1288094006_Hypericaceae_Hypericum_desetangsii.jpg,14.73,116.6015,36.015,4607,7818,36.017526,182.33066,1.563708,up
FLAD_1288094006_Hypericaceae_Hypericum_desetangsii.jpg,14.73,116.6015,37.5,4701,7978,37.504578,186.056525,1.595662,up
FLAD_1288094006_Hypericaceae_Hypericum_desetangsii.jpg,14.73,116.6015,38.5599,4766,8090,38.55694,188.648799,1.617893,up
BR_1839447739_Rubiaceae_Pleiocoryne_fernandensis.jpg,15.915,118.4846,1.0,798,1253,0.999894,29.698572,0.250653,down
BR_1839447739_Rubiaceae_Pleiocoryne_fernandensis.jpg,15.915,118.4846,1.9591,1117,1754,1.959218,41.571909,0.350863,down
BR_1839447739_Rubiaceae_Pleiocoryne_fernandensis.jpg,15.915,118.4846,3.838,1563,2455,3.837165,58.178675,0.491023,down
BR_1839447739_Rubiaceae_Pleiocoryne_fernandensis.jpg,15.915,118.4846,7.5189,2188,3437,7.520156,81.446422,0.687401,down
BR_1839447739_Rubiaceae_Pleiocoryne_fernandensis.jpg,15.915,118.4846,14.73,3062,4810,14.72822,113.981329,0.961993,down
BR_1839447739_Rubiaceae_Pleiocoryne_fernandensis.jpg,15.915,118.4846,15.915,3183,5000,15.915,118.4846,1.0,native
BR_1839447739_Rubiaceae_Pleiocoryne_fernandensis.jpg,15.915,118.4846,17.225,3311,5202,17.223822,123.260337,1.040307,up
BR_1839447739_Rubiaceae_Pleiocoryne_fernandensis.jpg,15.915,118.4846,18.57,3438,5401,18.568638,127.981917,1.080157,up
BR_1839447739_Rubiaceae_Pleiocoryne_fernandensis.jpg,15.915,118.4846,19.815,3552,5579,19.816608,132.212721,1.115864,up
BR_1839447739_Rubiaceae_Pleiocoryne_fernandensis.jpg,15.915,118.4846,21.0263,3659,5747,21.028273,136.194757,1.149472,up
BR_1839447739_Rubiaceae_Pleiocoryne_fernandensis.jpg,15.915,118.4846,22.1184,3752,5894,22.114288,139.667406,1.178781,up
BR_1839447739_Rubiaceae_Pleiocoryne_fernandensis.jpg,15.915,118.4846,23.736,3887,6106,23.734022,144.691912,1.221187,up
BR_1839447739_Rubiaceae_Pleiocoryne_fernandensis.jpg,15.915,118.4846,24.74,3969,6234,24.742746,147.734706,1.246868,up
BR_1839447739_Rubiaceae_Pleiocoryne_fernandensis.jpg,15.915,118.4846,25.9584,4065,6386,25.95909,151.322434,1.277149,up
BR_1839447739_Rubiaceae_Pleiocoryne_fernandensis.jpg,15.915,118.4846,26.3511,4096,6434,26.353664,152.468135,1.286818,up
BR_1839447739_Rubiaceae_Pleiocoryne_fernandensis.jpg,15.915,118.4846,29.7008,4348,6830,29.69684,161.850373,1.366003,up
BR_1839447739_Rubiaceae_Pleiocoryne_fernandensis.jpg,15.915,118.4846,29.7774,4354,6839,29.777006,162.068682,1.367846,up
BR_1839447739_Rubiaceae_Pleiocoryne_fernandensis.jpg,15.915,118.4846,30.3831,4398,6908,30.381384,163.705158,1.381658,up
BR_1839447739_Rubiaceae_Pleiocoryne_fernandensis.jpg,15.915,118.4846,32.2812,4533,7121,32.279493,168.741513,1.424164,up
BR_1839447739_Rubiaceae_Pleiocoryne_fernandensis.jpg,15.915,118.4846,33.696,4632,7275,33.6978,172.408772,1.455115,up
BR_1839447739_Rubiaceae_Pleiocoryne_fernandensis.jpg,15.915,118.4846,34.823,4708,7396,34.820368,175.256956,1.479154,up
BR_1839447739_Rubiaceae_Pleiocoryne_fernandensis.jpg,15.915,118.4846,36.015,4788,7522,36.015336,178.238829,1.504321,up
BR_1839447739_Rubiaceae_Pleiocoryne_fernandensis.jpg,15.915,118.4846,37.5,4886,7675,37.50005,181.875629,1.535015,up
BR_1839447739_Rubiaceae_Pleiocoryne_fernandensis.jpg,15.915,118.4846,38.5599,4955,7783,38.564765,184.439497,1.556654,up
BR_1839528855_Dichapetalaceae_Dichapetalum_bodyi.jpg,17.225,119.2684,1.0,830,1205,1.00015,28.739443,0.240964,down
BR_1839528855_Dichapetalaceae_Dichapetalum_bodyi.jpg,17.225,119.2684,1.9591,1162,1686,1.959132,40.223293,0.33725,down
BR_1839528855_Dichapetalaceae_Dichapetalum_bodyi.jpg,17.225,119.2684,3.838,1626,2360,3.83736,56.293992,0.471994,down
BR_1839528855_Dichapetalaceae_Dichapetalum_bodyi.jpg,17.225,119.2684,7.5189,2276,3303,7.517628,78.792738,0.660634,down
BR_1839528855_Dichapetalaceae_Dichapetalum_bodyi.jpg,17.225,119.2684,14.73,3186,4624,14.732064,110.300524,0.924809,down
BR_1839528855_Dichapetalaceae_Dichapetalum_bodyi.jpg,17.225,119.2684,15.915,3311,4806,15.912666,114.635004,0.961152,down
BR_1839528855_Dichapetalaceae_Dichapetalum_bodyi.jpg,17.225,119.2684,17.225,3445,5000,17.225,119.2684,1.0,native
BR_1839528855_Dichapetalaceae_Dichapetalum_bodyi.jpg,17.225,119.2684,18.57,3577,5192,18.571784,123.843321,1.038358,up
BR_1839528855_Dichapetalaceae_Dichapetalum_bodyi.jpg,17.225,119.2684,19.815,3695,5363,19.816285,127.925434,1.072584,up
BR_1839528855_Dichapetalaceae_Dichapetalum_bodyi.jpg,17.225,119.2684,21.0263,3806,5524,21.024344,131.767105,1.104795,up
BR_1839528855_Dichapetalaceae_Dichapetalum_bodyi.jpg,17.225,119.2684,22.1184,3904,5666,22.120064,135.157132,1.133218,up
BR_1839528855_Dichapetalaceae_Dichapetalum_bodyi.jpg,17.225,119.2684,23.736,4044,5869,23.734236,140.001731,1.173838,up
BR_1839528855_Dichapetalaceae_Dichapetalum_bodyi.jpg,17.225,119.2684,24.74,4129,5992,24.740968,142.940113,1.198474,up
BR_1839528855_Dichapetalaceae_Dichapetalum_bodyi.jpg,17.225,119.2684,25.9584,4229,6138,25.957602,146.412468,1.227588,up
BR_1839528855_Dichapetalaceae_Dichapetalum_bodyi.jpg,17.225,119.2684,26.3511,4261,6184,26.350024,147.515035,1.236833,up
BR_1839528855_Dichapetalaceae_Dichapetalum_bodyi.jpg,17.225,119.2684,29.7008,4524,6566,29.704584,156.623713,1.313204,up
BR_1839528855_Dichapetalaceae_Dichapetalum_bodyi.jpg,17.225,119.2684,29.7774,4530,6574,29.78022,156.82299,1.314875,up
BR_1839528855_Dichapetalaceae_Dichapetalum_bodyi.jpg,17.225,119.2684,30.3831,4575,6641,30.382575,158.401054,1.328106,up
BR_1839528855_Dichapetalaceae_Dichapetalum_bodyi.jpg,17.225,119.2684,32.2812,4716,6845,32.28102,163.274891,1.36897,up
BR_1839528855_Dichapetalaceae_Dichapetalum_bodyi.jpg,17.225,119.2684,33.696,4818,6993,33.692274,166.80572,1.398574,up
BR_1839528855_Dichapetalaceae_Dichapetalum_bodyi.jpg,17.225,119.2684,34.823,4898,7109,34.819882,169.574063,1.421785,up
BR_1839528855_Dichapetalaceae_Dichapetalum_bodyi.jpg,17.225,119.2684,36.015,4981,7230,36.01263,172.45397,1.445932,up
BR_1839528855_Dichapetalaceae_Dichapetalum_bodyi.jpg,17.225,119.2684,37.5,5083,7377,37.497291,175.972873,1.475436,up
BR_1839528855_Dichapetalaceae_Dichapetalum_bodyi.jpg,17.225,119.2684,38.5599,5154,7481,38.557074,178.4423,1.496141,up
US_2426860578_Amaranthaceae_Girgensohnia_oppositiflora.jpg,18.57,117.1726,1.0,862,1160,0.99992,27.189595,0.232047,down
US_2426860578_Amaranthaceae_Girgensohnia_oppositiflora.jpg,18.57,117.1726,1.9591,1206,1624,1.958544,38.052814,0.324759,down
US_2426860578_Amaranthaceae_Girgensohnia_oppositiflora.jpg,18.57,117.1726,3.838,1688,2273,3.836824,53.2606,0.454548,down
US_2426860578_Amaranthaceae_Girgensohnia_oppositiflora.jpg,18.57,117.1726,7.5189,2363,3182,7.519066,74.559341,0.636321,down
US_2426860578_Amaranthaceae_Girgensohnia_oppositiflora.jpg,18.57,117.1726,14.73,3308,4453,14.730524,104.358833,0.890642,down
US_2426860578_Amaranthaceae_Girgensohnia_oppositiflora.jpg,18.57,117.1726,15.915,3438,4629,15.914502,108.471749,0.925743,down
US_2426860578_Amaranthaceae_Girgensohnia_oppositiflora.jpg,18.57,117.1726,17.225,3577,4816,17.226832,112.855525,0.963156,down
US_2426860578_Amaranthaceae_Girgensohnia_oppositiflora.jpg,18.57,117.1726,18.57,3714,5000,18.57,117.1726,1.0,native
US_2426860578_Amaranthaceae_Girgensohnia_oppositiflora.jpg,18.57,117.1726,19.815,3836,5165,19.81294,121.03043,1.032924,up
US_2426860578_Amaranthaceae_Girgensohnia_oppositiflora.jpg,18.57,117.1726,21.0263,3952,5320,21.02464,124.676442,1.064041,up
US_2426860578_Amaranthaceae_Girgensohnia_oppositiflora.jpg,18.57,117.1726,22.1184,4053,5457,22.117221,127.874925,1.091338,up
US_2426860578_Amaranthaceae_Girgensohnia_oppositiflora.jpg,18.57,117.1726,23.736,4199,5653,23.736947,132.474578,1.130593,up
US_2426860578_Amaranthaceae_Girgensohnia_oppositiflora.jpg,18.57,117.1726,24.74,4287,5771,24.740277,135.245366,1.154241,up
US_2426860578_Amaranthaceae_Girgensohnia_oppositiflora.jpg,18.57,117.1726,25.9584,4391,5912,25.959592,138.538042,1.182342,up
US_2426860578_Amaranthaceae_Girgensohnia_oppositiflora.jpg,18.57,117.1726,26.3511,4424,5956,26.349344,139.574159,1.191184,up
US_2426860578_Amaranthaceae_Girgensohnia_oppositiflora.jpg,18.57,117.1726,29.7008,4697,6323,29.699131,148.180817,1.264637,up
US_2426860578_Amaranthaceae_Girgensohnia_oppositiflora.jpg,18.57,117.1726,29.7774,4703,6332,29.779396,148.380919,1.266345,up
US_2426860578_Amaranthaceae_Girgensohnia_oppositiflora.jpg,18.57,117.1726,30.3831,4751,6396,30.387396,149.887998,1.279207,up
US_2426860578_Amaranthaceae_Girgensohnia_oppositiflora.jpg,18.57,117.1726,32.2812,4897,6592,32.281024,154.48765,1.318462,up
US_2426860578_Amaranthaceae_Girgensohnia_oppositiflora.jpg,18.57,117.1726,33.696,5003,6735,33.695205,157.83531,1.347033,up
US_2426860578_Amaranthaceae_Girgensohnia_oppositiflora.jpg,18.57,117.1726,34.823,5086,6847,34.823842,160.456922,1.369407,up
US_2426860578_Amaranthaceae_Girgensohnia_oppositiflora.jpg,18.57,117.1726,36.015,5172,6963,36.012636,163.172727,1.392584,up
US_2426860578_Amaranthaceae_Girgensohnia_oppositiflora.jpg,18.57,117.1726,37.5,5278,7105,37.50019,166.508669,1.421055,up
US_2426860578_Amaranthaceae_Girgensohnia_oppositiflora.jpg,18.57,117.1726,38.5599,5352,7205,38.56116,168.847704,1.441017,up
US_1456308791_Asteraceae_Mikania_duidensis.jpg,19.815,117.6611,1.0,890,1123,0.99947,26.42535,0.224589,down
US_1456308791_Asteraceae_Mikania_duidensis.jpg,19.815,117.6611,1.9591,1246,1572,1.958712,36.993137,0.314404,down
US_1456308791_Asteraceae_Mikania_duidensis.jpg,19.815,117.6611,3.838,1744,2201,3.838544,51.786806,0.440135,down
US_1456308791_Asteraceae_Mikania_duidensis.jpg,19.815,117.6611,7.5189,2441,3080,7.51828,72.47615,0.615974,down
US_1456308791_Asteraceae_Mikania_duidensis.jpg,19.815,117.6611,14.73,3417,4311,14.730687,101.448906,0.862213,down
US_1456308791_Asteraceae_Mikania_duidensis.jpg,19.815,117.6611,15.915,3552,4481,15.916512,105.453213,0.896245,down
US_1456308791_Asteraceae_Mikania_duidensis.jpg,19.815,117.6611,17.225,3695,4662,17.22609,109.705707,0.932387,down
US_1456308791_Asteraceae_Mikania_duidensis.jpg,19.815,117.6611,18.57,3836,4840,18.56624,113.893213,0.967977,down
US_1456308791_Asteraceae_Mikania_duidensis.jpg,19.815,117.6611,19.815,3963,5000,19.815,117.6611,1.0,native
US_1456308791_Asteraceae_Mikania_duidensis.jpg,19.815,117.6611,21.0263,4082,5151,21.026382,121.204332,1.030114,up
US_1456308791_Asteraceae_Mikania_duidensis.jpg,19.815,117.6611,22.1184,4187,5283,22.119921,124.316179,1.056561,up
US_1456308791_Asteraceae_Mikania_duidensis.jpg,19.815,117.6611,23.736,4337,5472,23.732064,128.766716,1.094386,up
US_1456308791_Asteraceae_Mikania_duidensis.jpg,19.815,117.6611,24.74,4428,5587,24.739236,131.47071,1.117368,up
US_1456308791_Asteraceae_Mikania_duidensis.jpg,19.815,117.6611,25.9584,4536,5723,25.959528,134.674156,1.144594,up
US_1456308791_Asteraceae_Mikania_duidensis.jpg,19.815,117.6611,26.3511,4570,5766,26.35062,135.684827,1.153183,up
US_1456308791_Asteraceae_Mikania_duidensis.jpg,19.815,117.6611,29.7008,4852,6121,29.699092,144.048073,1.224263,up
US_1456308791_Asteraceae_Mikania_duidensis.jpg,19.815,117.6611,29.7774,4858,6129,29.774682,144.231271,1.22582,up
US_1456308791_Asteraceae_Mikania_duidensis.jpg,19.815,117.6611,30.3831,4907,6191,30.379237,145.688173,1.238202,up
US_1456308791_Asteraceae_Mikania_duidensis.jpg,19.815,117.6611,32.2812,5058,6382,32.280156,150.177088,1.276353,up
US_1456308791_Asteraceae_Mikania_duidensis.jpg,19.815,117.6611,33.696,5168,6520,33.69536,153.433756,1.304031,up
US_1456308791_Asteraceae_Mikania_duidensis.jpg,19.815,117.6611,34.823,5254,6628,34.823512,155.981162,1.325682,up
US_1456308791_Asteraceae_Mikania_duidensis.jpg,19.815,117.6611,36.015,5343,6741,36.017163,158.631933,1.348211,up
US_1456308791_Asteraceae_Mikania_duidensis.jpg,19.815,117.6611,37.5,5452,6878,37.498856,161.86199,1.375663,up
US_1456308791_Asteraceae_Mikania_duidensis.jpg,19.815,117.6611,38.5599,5528,6975,38.5578,164.131519,1.394951,up
DBG_2242367910_Polemoniaceae_Ipomopsis_globularis.jpg,21.0263,110.04,1.0,816,1225,0.9996,23.992872,0.218038,down
DBG_2242367910_Polemoniaceae_Ipomopsis_globularis.jpg,21.0263,110.04,1.9591,1143,1714,1.959102,33.589043,0.305244,down
DBG_2242367910_Polemoniaceae_Ipomopsis_globularis.jpg,21.0263,110.04,3.838,1600,2399,3.8384,47.015843,0.427261,down
DBG_2242367910_Polemoniaceae_Ipomopsis_globularis.jpg,21.0263,110.04,7.5189,2239,3358,7.518562,65.801608,0.597979,down
DBG_2242367910_Polemoniaceae_Ipomopsis_globularis.jpg,21.0263,110.04,14.73,3134,4701,14.732934,92.111474,0.837073,down
DBG_2242367910_Polemoniaceae_Ipomopsis_globularis.jpg,21.0263,110.04,15.915,3257,4886,15.913702,95.731469,0.86997,down
DBG_2242367910_Polemoniaceae_Ipomopsis_globularis.jpg,21.0263,110.04,17.225,3389,5083,17.226287,99.601287,0.905137,down
DBG_2242367910_Polemoniaceae_Ipomopsis_globularis.jpg,21.0263,110.04,18.57,3519,5278,18.573282,103.422121,0.939859,down
DBG_2242367910_Polemoniaceae_Ipomopsis_globularis.jpg,21.0263,110.04,19.815,3635,5452,19.81802,106.83148,0.970842,down
DBG_2242367910_Polemoniaceae_Ipomopsis_globularis.jpg,21.0263,110.04,21.0263,3744,5616,21.026304,110.04,1.0,native
DBG_2242367910_Polemoniaceae_Ipomopsis_globularis.jpg,21.0263,110.04,22.1184,3840,5760,22.1184,112.861538,1.025641,up
DBG_2242367910_Polemoniaceae_Ipomopsis_globularis.jpg,21.0263,110.04,23.736,3978,5967,23.736726,116.9175,1.0625,up
DBG_2242367910_Polemoniaceae_Ipomopsis_globularis.jpg,21.0263,110.04,24.74,4061,6092,24.739612,119.361854,1.084713,up
DBG_2242367910_Polemoniaceae_Ipomopsis_globularis.jpg,21.0263,110.04,25.9584,4160,6240,25.9584,122.266667,1.111111,up
DBG_2242367910_Polemoniaceae_Ipomopsis_globularis.jpg,21.0263,110.04,26.3511,4191,6287,26.348817,123.182687,1.119436,up
DBG_2242367910_Polemoniaceae_Ipomopsis_globularis.jpg,21.0263,110.04,29.7008,4450,6675,29.70375,130.790064,1.188568,up
DBG_2242367910_Polemoniaceae_Ipomopsis_globularis.jpg,21.0263,110.04,29.7774,4456,6683,29.779448,130.956613,1.190082,up
DBG_2242367910_Polemoniaceae_Ipomopsis_globularis.jpg,21.0263,110.04,30.3831,4501,6751,30.386251,132.284108,1.202146,up
DBG_2242367910_Polemoniaceae_Ipomopsis_globularis.jpg,21.0263,110.04,32.2812,4639,6959,32.282801,136.349866,1.239094,up
DBG_2242367910_Polemoniaceae_Ipomopsis_globularis.jpg,21.0263,110.04,33.696,4740,7109,33.69666,139.303664,1.265937,up
DBG_2242367910_Polemoniaceae_Ipomopsis_globularis.jpg,21.0263,110.04,34.823,4818,7227,34.819686,141.605962,1.286859,up
DBG_2242367910_Polemoniaceae_Ipomopsis_globularis.jpg,21.0263,110.04,36.015,4900,7350,36.015,144.016026,1.308761,up
DBG_2242367910_Polemoniaceae_Ipomopsis_globularis.jpg,21.0263,110.04,37.5,5000,7500,37.5,146.955128,1.33547,up
DBG_2242367910_Polemoniaceae_Ipomopsis_globularis.jpg,21.0263,110.04,38.5599,5070,7605,38.55735,149.0125,1.354167,up
SBBG_3053467367_Polemoniaceae_Gilia_brecciarum.jpg,22.1184,126.2851,1.0,816,1225,0.9996,26.846544,0.212587,down
SBBG_3053467367_Polemoniaceae_Gilia_brecciarum.jpg,22.1184,126.2851,1.9591,1143,1714,1.959102,37.584068,0.297613,down
SBBG_3053467367_Polemoniaceae_Gilia_brecciarum.jpg,22.1184,126.2851,3.838,1600,2399,3.8384,52.607828,0.41658,down
SBBG_3053467367_Polemoniaceae_Gilia_brecciarum.jpg,22.1184,126.2851,7.5189,2239,3358,7.518562,73.62794,0.58303,down
SBBG_3053467367_Polemoniaceae_Gilia_brecciarum.jpg,22.1184,126.2851,14.73,3134,4701,14.732934,103.067058,0.816146,down
SBBG_3053467367_Polemoniaceae_Gilia_brecciarum.jpg,22.1184,126.2851,15.915,3257,4886,15.913702,107.117609,0.84822,down
SBBG_3053467367_Polemoniaceae_Gilia_brecciarum.jpg,22.1184,126.2851,17.225,3389,5083,17.226287,111.447697,0.882509,down
SBBG_3053467367_Polemoniaceae_Gilia_brecciarum.jpg,22.1184,126.2851,18.57,3519,5278,18.573282,115.722974,0.916363,down
SBBG_3053467367_Polemoniaceae_Gilia_brecciarum.jpg,22.1184,126.2851,19.815,3635,5452,19.81802,119.537836,0.946571,down
SBBG_3053467367_Polemoniaceae_Gilia_brecciarum.jpg,22.1184,126.2851,21.0263,3744,5616,21.026304,123.127972,0.975,down
SBBG_3053467367_Polemoniaceae_Gilia_brecciarum.jpg,22.1184,126.2851,22.1184,3840,5760,22.1184,126.2851,1.0,native
SBBG_3053467367_Polemoniaceae_Gilia_brecciarum.jpg,22.1184,126.2851,23.736,3978,5967,23.736726,130.823471,1.035937,up
SBBG_3053467367_Polemoniaceae_Gilia_brecciarum.jpg,22.1184,126.2851,24.74,4061,6092,24.739612,133.558552,1.057595,up
SBBG_3053467367_Polemoniaceae_Gilia_brecciarum.jpg,22.1184,126.2851,25.9584,4160,6240,25.9584,136.808858,1.083333,up
SBBG_3053467367_Polemoniaceae_Gilia_brecciarum.jpg,22.1184,126.2851,26.3511,4191,6287,26.348817,137.833828,1.09145,up
SBBG_3053467367_Polemoniaceae_Gilia_brecciarum.jpg,22.1184,126.2851,29.7008,4450,6675,29.70375,146.346014,1.158854,up
SBBG_3053467367_Polemoniaceae_Gilia_brecciarum.jpg,22.1184,126.2851,29.7774,4456,6683,29.779448,146.532372,1.16033,up
SBBG_3053467367_Polemoniaceae_Gilia_brecciarum.jpg,22.1184,126.2851,30.3831,4501,6751,30.386251,148.017757,1.172092,up
SBBG_3053467367_Polemoniaceae_Gilia_brecciarum.jpg,22.1184,126.2851,32.2812,4639,6959,32.282801,152.56709,1.208116,up
SBBG_3053467367_Polemoniaceae_Gilia_brecciarum.jpg,22.1184,126.2851,33.696,4740,7109,33.69666,155.872208,1.234288,up
SBBG_3053467367_Polemoniaceae_Gilia_brecciarum.jpg,22.1184,126.2851,34.823,4818,7227,34.819686,158.448336,1.254687,up
SBBG_3053467367_Polemoniaceae_Gilia_brecciarum.jpg,22.1184,126.2851,36.015,4900,7350,36.015,161.145049,1.276042,up
SBBG_3053467367_Polemoniaceae_Gilia_brecciarum.jpg,22.1184,126.2851,37.5,5000,7500,37.5,164.433724,1.302083,up
SBBG_3053467367_Polemoniaceae_Gilia_brecciarum.jpg,22.1184,126.2851,38.5599,5070,7605,38.55735,166.735796,1.320312,up
DAV_2421774017_Asteraceae_Hymenoxys_cooperi.jpg,23.736,134.7387,1.0,821,1218,0.999978,27.655646,0.205254,down
DAV_2421774017_Asteraceae_Hymenoxys_cooperi.jpg,23.736,134.7387,1.9591,1149,1705,1.959045,38.708897,0.287289,down
DAV_2421774017_Asteraceae_Hymenoxys_cooperi.jpg,23.736,134.7387,3.838,1608,2386,3.836688,54.170997,0.402045,down
DAV_2421774017_Asteraceae_Hymenoxys_cooperi.jpg,23.736,134.7387,7.5189,2251,3340,7.51834,75.831486,0.562804,down
DAV_2421774017_Asteraceae_Hymenoxys_cooperi.jpg,23.736,134.7387,14.73,3151,4675,14.730925,106.145991,0.787791,down
DAV_2421774017_Asteraceae_Hymenoxys_cooperi.jpg,23.736,134.7387,15.915,3275,4859,15.913225,110.323413,0.818795,down
DAV_2421774017_Asteraceae_Hymenoxys_cooperi.jpg,23.736,134.7387,17.225,3407,5055,17.222385,114.771811,0.85181,down
DAV_2421774017_Asteraceae_Hymenoxys_cooperi.jpg,23.736,134.7387,18.57,3538,5249,18.570962,119.18066,0.884532,down
DAV_2421774017_Asteraceae_Hymenoxys_cooperi.jpg,23.736,134.7387,19.815,3655,5422,19.81741,123.115302,0.913734,down
DAV_2421774017_Asteraceae_Hymenoxys_cooperi.jpg,23.736,134.7387,21.0263,3765,5585,21.027525,126.818516,0.941218,down
DAV_2421774017_Asteraceae_Hymenoxys_cooperi.jpg,23.736,134.7387,22.1184,3861,5728,22.115808,130.058875,0.965267,down
DAV_2421774017_Asteraceae_Hymenoxys_cooperi.jpg,23.736,134.7387,23.736,4000,5934,23.736,134.7387,1.0,native
DAV_2421774017_Asteraceae_Hymenoxys_cooperi.jpg,23.736,134.7387,24.74,4084,6058,24.740872,137.561242,1.020948,up
DAV_2421774017_Asteraceae_Hymenoxys_cooperi.jpg,23.736,134.7387,25.9584,4183,6206,25.959698,140.908893,1.045794,up
DAV_2421774017_Asteraceae_Hymenoxys_cooperi.jpg,23.736,134.7387,26.3511,4215,6252,26.35218,141.970091,1.05367,up
DAV_2421774017_Asteraceae_Hymenoxys_cooperi.jpg,23.736,134.7387,29.7008,4474,6638,29.698412,150.714557,1.118569,up
DAV_2421774017_Asteraceae_Hymenoxys_cooperi.jpg,23.736,134.7387,29.7774,4480,6646,29.77408,150.906436,1.119993,up
DAV_2421774017_Asteraceae_Hymenoxys_cooperi.jpg,23.736,134.7387,30.3831,4526,6714,30.387564,152.453195,1.131473,up
DAV_2421774017_Asteraceae_Hymenoxys_cooperi.jpg,23.736,134.7387,32.2812,4665,6920,32.2818,157.13302,1.166206,up
DAV_2421774017_Asteraceae_Hymenoxys_cooperi.jpg,23.736,134.7387,33.696,4766,7070,33.69562,160.537063,1.19147,up
DAV_2421774017_Asteraceae_Hymenoxys_cooperi.jpg,23.736,134.7387,34.823,4845,7187,34.821015,163.195921,1.211203,up
DAV_2421774017_Asteraceae_Hymenoxys_cooperi.jpg,23.736,134.7387,36.015,4927,7309,36.011443,165.962072,1.231733,up
DAV_2421774017_Asteraceae_Hymenoxys_cooperi.jpg,23.736,134.7387,37.5,5028,7459,37.503852,169.366114,1.256997,up
DAV_2421774017_Asteraceae_Hymenoxys_cooperi.jpg,23.736,134.7387,38.5599,5098,7563,38.556174,171.725801,1.27451,up
CHSC_2417987367_Brassicaceae_Rorippa_columbiae.jpg,24.74,137.2822,1.0,804,1243,0.999372,27.591669,0.200985,down
CHSC_2417987367_Brassicaceae_Rorippa_columbiae.jpg,24.74,137.2822,1.9591,1126,1740,1.95924,38.632979,0.281413,down
CHSC_2417987367_Brassicaceae_Rorippa_columbiae.jpg,24.74,137.2822,3.838,1575,2436,3.8367,54.062149,0.393803,down
CHSC_2417987367_Brassicaceae_Rorippa_columbiae.jpg,24.74,137.2822,7.5189,2205,3410,7.51905,75.68257,0.551292,down
CHSC_2417987367_Brassicaceae_Rorippa_columbiae.jpg,24.74,137.2822,14.73,3086,4772,14.726392,105.916241,0.771522,down
CHSC_2417987367_Brassicaceae_Rorippa_columbiae.jpg,24.74,137.2822,15.915,3208,4961,15.914888,110.107316,0.802051,down
CHSC_2417987367_Brassicaceae_Rorippa_columbiae.jpg,24.74,137.2822,17.225,3338,5161,17.227418,114.557751,0.834469,down
CHSC_2417987367_Brassicaceae_Rorippa_columbiae.jpg,24.74,137.2822,18.57,3466,5359,18.574294,118.951669,0.866476,down
CHSC_2417987367_Brassicaceae_Rorippa_columbiae.jpg,24.74,137.2822,19.815,3580,5535,19.8153,122.861187,0.894954,down
CHSC_2417987367_Brassicaceae_Rorippa_columbiae.jpg,24.74,137.2822,21.0263,3688,5702,21.028976,126.567862,0.921954,down
CHSC_2417987367_Brassicaceae_Rorippa_columbiae.jpg,24.74,137.2822,22.1184,3782,5848,22.117136,129.801236,0.945507,down
CHSC_2417987367_Brassicaceae_Rorippa_columbiae.jpg,24.74,137.2822,23.736,3918,6058,23.735244,134.465612,0.979483,down
CHSC_2417987367_Brassicaceae_Rorippa_columbiae.jpg,24.74,137.2822,24.74,4000,6185,24.74,137.2822,1.0,native
CHSC_2417987367_Brassicaceae_Rorippa_columbiae.jpg,24.74,137.2822,25.9584,4097,6335,25.954495,140.611446,1.024251,up
CHSC_2417987367_Brassicaceae_Rorippa_columbiae.jpg,24.74,137.2822,26.3511,4128,6383,26.349024,141.676118,1.032006,up
CHSC_2417987367_Brassicaceae_Rorippa_columbiae.jpg,24.74,137.2822,29.7008,4383,6777,29.703591,150.424598,1.095733,up
CHSC_2417987367_Brassicaceae_Rorippa_columbiae.jpg,24.74,137.2822,29.7774,4388,6786,29.776968,150.610281,1.097085,up
CHSC_2417987367_Brassicaceae_Rorippa_columbiae.jpg,24.74,137.2822,30.3831,4433,6854,30.383782,152.137158,1.108207,up
CHSC_2417987367_Brassicaceae_Rorippa_columbiae.jpg,24.74,137.2822,32.2812,4569,7065,32.279985,156.812632,1.142265,up
CHSC_2417987367_Brassicaceae_Rorippa_columbiae.jpg,24.74,137.2822,33.696,4668,7218,33.693624,160.209493,1.167008,up
CHSC_2417987367_Brassicaceae_Rorippa_columbiae.jpg,24.74,137.2822,34.823,4746,7338,34.826148,162.879753,1.186459,up
CHSC_2417987367_Brassicaceae_Rorippa_columbiae.jpg,24.74,137.2822,36.015,4826,7462,36.011612,165.628727,1.206484,up
CHSC_2417987367_Brassicaceae_Rorippa_columbiae.jpg,24.74,137.2822,37.5,4925,7615,37.503875,169.025587,1.231227,up
CHSC_2417987367_Brassicaceae_Rorippa_columbiae.jpg,24.74,137.2822,38.5599,4994,7722,38.563668,171.397132,1.248502,up
TEX_2807216840_Acanthaceae_Anisacanthus_quadrifidus.jpg,25.9584,138.762,1.0,816,1225,0.9996,27.229816,0.196234,down
TEX_2807216840_Acanthaceae_Anisacanthus_quadrifidus.jpg,25.9584,138.762,1.9591,1143,1714,1.959102,38.120634,0.27472,down
TEX_2807216840_Acanthaceae_Anisacanthus_quadrifidus.jpg,25.9584,138.762,3.838,1600,2399,3.8384,53.35888,0.384535,down
TEX_2807216840_Acanthaceae_Anisacanthus_quadrifidus.jpg,25.9584,138.762,7.5189,2239,3358,7.518562,74.679084,0.538181,down
TEX_2807216840_Acanthaceae_Anisacanthus_quadrifidus.jpg,25.9584,138.762,14.73,3134,4701,14.732934,104.538488,0.753365,down
TEX_2807216840_Acanthaceae_Anisacanthus_quadrifidus.jpg,25.9584,138.762,15.915,3257,4886,15.913702,108.646865,0.782973,down
TEX_2807216840_Acanthaceae_Anisacanthus_quadrifidus.jpg,25.9584,138.762,17.225,3389,5083,17.226287,113.038772,0.814623,down
TEX_2807216840_Acanthaceae_Anisacanthus_quadrifidus.jpg,25.9584,138.762,18.57,3519,5278,18.573282,117.375084,0.845873,down
TEX_2807216840_Acanthaceae_Anisacanthus_quadrifidus.jpg,25.9584,138.762,19.815,3635,5452,19.81802,121.244409,0.873758,down
TEX_2807216840_Acanthaceae_Anisacanthus_quadrifidus.jpg,25.9584,138.762,21.0263,3744,5616,21.026304,124.8858,0.9,down
TEX_2807216840_Acanthaceae_Anisacanthus_quadrifidus.jpg,25.9584,138.762,22.1184,3840,5760,22.1184,128.088,0.923077,down
TEX_2807216840_Acanthaceae_Anisacanthus_quadrifidus.jpg,25.9584,138.762,23.736,3978,5967,23.736726,132.691163,0.95625,down
TEX_2807216840_Acanthaceae_Anisacanthus_quadrifidus.jpg,25.9584,138.762,24.74,4061,6092,24.739612,135.465291,0.976242,down
TEX_2807216840_Acanthaceae_Anisacanthus_quadrifidus.jpg,25.9584,138.762,25.9584,4160,6240,25.9584,138.762,1.0,native
TEX_2807216840_Acanthaceae_Anisacanthus_quadrifidus.jpg,25.9584,138.762,26.3511,4191,6287,26.348817,139.801603,1.007492,up
TEX_2807216840_Acanthaceae_Anisacanthus_quadrifidus.jpg,25.9584,138.762,29.7008,4450,6675,29.70375,148.435312,1.069712,up
TEX_2807216840_Acanthaceae_Anisacanthus_quadrifidus.jpg,25.9584,138.762,29.7774,4456,6683,29.779448,148.624331,1.071074,up
TEX_2807216840_Acanthaceae_Anisacanthus_quadrifidus.jpg,25.9584,138.762,30.3831,4501,6751,30.386251,150.130922,1.081931,up
TEX_2807216840_Acanthaceae_Anisacanthus_quadrifidus.jpg,25.9584,138.762,32.2812,4639,6959,32.282801,154.745203,1.115184,up
TEX_2807216840_Acanthaceae_Anisacanthus_quadrifidus.jpg,25.9584,138.762,33.696,4740,7109,33.69666,158.097506,1.139343,up
TEX_2807216840_Acanthaceae_Anisacanthus_quadrifidus.jpg,25.9584,138.762,34.823,4818,7227,34.819686,160.710412,1.158173,up
TEX_2807216840_Acanthaceae_Anisacanthus_quadrifidus.jpg,25.9584,138.762,36.015,4900,7350,36.015,163.445625,1.177885,up
TEX_2807216840_Acanthaceae_Anisacanthus_quadrifidus.jpg,25.9584,138.762,37.5,5000,7500,37.5,166.78125,1.201923,up
TEX_2807216840_Acanthaceae_Anisacanthus_quadrifidus.jpg,25.9584,138.762,38.5599,5070,7605,38.55735,169.116187,1.21875,up
UM_1424999092_Elaeocarpaceae_Elaeocarpus_millarii.jpg,26.3511,137.82,1.0,833,1201,1.000433,26.85387,0.194847,down
UM_1424999092_Elaeocarpaceae_Elaeocarpus_millarii.jpg,26.3511,137.82,1.9591,1166,1681,1.960046,37.587722,0.272731,down
UM_1424999092_Elaeocarpaceae_Elaeocarpus_millarii.jpg,26.3511,137.82,3.838,1632,2352,3.838464,52.60071,0.381662,down
UM_1424999092_Elaeocarpaceae_Elaeocarpus_millarii.jpg,26.3511,137.82,7.5189,2284,3293,7.521212,73.630337,0.53425,down
UM_1424999092_Elaeocarpaceae_Elaeocarpus_millarii.jpg,26.3511,137.82,14.73,3196,4609,14.730364,103.043265,0.747666,down
UM_1424999092_Elaeocarpaceae_Elaeocarpus_millarii.jpg,26.3511,137.82,15.915,3322,4790,15.91238,107.097773,0.777084,down
UM_1424999092_Elaeocarpaceae_Elaeocarpus_millarii.jpg,26.3511,137.82,17.225,3456,4984,17.224704,111.426568,0.808493,down
UM_1424999092_Elaeocarpaceae_Elaeocarpus_millarii.jpg,26.3511,137.82,18.57,3589,5175,18.573075,115.705706,0.839542,down
UM_1424999092_Elaeocarpaceae_Elaeocarpus_millarii.jpg,26.3511,137.82,19.815,3707,5345,19.813915,119.508286,0.867133,down
UM_1424999092_Elaeocarpaceae_Elaeocarpus_millarii.jpg,26.3511,137.82,21.0263,3819,5506,21.027414,123.113536,0.893292,down
UM_1424999092_Elaeocarpaceae_Elaeocarpus_millarii.jpg,26.3511,137.82,22.1184,3917,5647,22.119299,126.269526,0.916192,down
UM_1424999092_Elaeocarpaceae_Elaeocarpus_millarii.jpg,26.3511,137.82,23.736,4057,5850,23.73345,130.795652,0.949032,down
UM_1424999092_Elaeocarpaceae_Elaeocarpus_millarii.jpg,26.3511,137.82,24.74,4142,5973,24.740166,133.540862,0.968951,down
UM_1424999092_Elaeocarpaceae_Elaeocarpus_millarii.jpg,26.3511,137.82,25.9584,4243,6118,25.958674,136.789929,0.992526,down
UM_1424999092_Elaeocarpaceae_Elaeocarpus_millarii.jpg,26.3511,137.82,26.3511,4275,6164,26.3511,137.82,1.0,native
UM_1424999092_Elaeocarpaceae_Elaeocarpus_millarii.jpg,26.3511,137.82,29.7008,4539,6544,29.703216,146.323678,1.061701,up
UM_1424999092_Elaeocarpaceae_Elaeocarpus_millarii.jpg,26.3511,137.82,29.7774,4544,6552,29.772288,146.49371,1.062935,up
UM_1424999092_Elaeocarpaceae_Elaeocarpus_millarii.jpg,26.3511,137.82,30.3831,4590,6619,30.38121,147.984219,1.07375,up
UM_1424999092_Elaeocarpaceae_Elaeocarpus_millarii.jpg,26.3511,137.82,32.2812,4732,6822,32.281704,152.542583,1.106825,up
UM_1424999092_Elaeocarpaceae_Elaeocarpus_millarii.jpg,26.3511,137.82,33.696,4834,6970,33.69298,155.841307,1.13076,up
UM_1424999092_Elaeocarpaceae_Elaeocarpus_millarii.jpg,26.3511,137.82,34.823,4914,7086,34.820604,158.427665,1.149526,up
UM_1424999092_Elaeocarpaceae_Elaeocarpus_millarii.jpg,26.3511,137.82,36.015,4998,7206,36.015588,161.123218,1.169084,up
UM_1424999092_Elaeocarpaceae_Elaeocarpus_millarii.jpg,26.3511,137.82,37.5,5100,7353,37.5003,164.410762,1.192938,up
UM_1424999092_Elaeocarpaceae_Elaeocarpus_millarii.jpg,26.3511,137.82,38.5599,5171,7456,38.554976,166.706713,1.209597,up
UCR_2422413671_Myrtaceae_Eucalyptus_cladocalyx.jpg,29.7008,151.7451,1.0,893,1120,1.00016,27.84615,0.183506,down
UCR_2422413671_Myrtaceae_Eucalyptus_cladocalyx.jpg,29.7008,151.7451,1.9591,1249,1568,1.958432,38.965896,0.256785,down
UCR_2422413671_Myrtaceae_Eucalyptus_cladocalyx.jpg,29.7008,151.7451,3.838,1749,2195,3.839055,54.556008,0.359524,down
UCR_2422413671_Myrtaceae_Eucalyptus_cladocalyx.jpg,29.7008,151.7451,7.5189,2448,3072,7.520256,76.356626,0.50319,down
UCR_2422413671_Myrtaceae_Eucalyptus_cladocalyx.jpg,29.7008,151.7451,14.73,3426,4299,14.728374,106.858192,0.704195,down
UCR_2422413671_Myrtaceae_Eucalyptus_cladocalyx.jpg,29.7008,151.7451,15.915,3561,4469,15.914109,111.076346,0.731993,down
UCR_2422413671_Myrtaceae_Eucalyptus_cladocalyx.jpg,29.7008,151.7451,17.225,3705,4649,17.224545,115.559139,0.761535,down
UCR_2422413671_Myrtaceae_Eucalyptus_cladocalyx.jpg,29.7008,151.7451,18.57,3847,4827,18.569469,119.985886,0.790707,down
UCR_2422413671_Myrtaceae_Eucalyptus_cladocalyx.jpg,29.7008,151.7451,19.815,3974,4987,19.818338,123.954996,0.816863,down
UCR_2422413671_Myrtaceae_Eucalyptus_cladocalyx.jpg,29.7008,151.7451,21.0263,4093,5137,21.025741,127.675061,0.841378,down
UCR_2422413671_Myrtaceae_Eucalyptus_cladocalyx.jpg,29.7008,151.7451,22.1184,4198,5268,22.115064,130.940658,0.862899,down
UCR_2422413671_Myrtaceae_Eucalyptus_cladocalyx.jpg,29.7008,151.7451,23.736,4349,5458,23.736842,135.6569,0.893979,down
UCR_2422413671_Myrtaceae_Eucalyptus_cladocalyx.jpg,29.7008,151.7451,24.74,4440,5572,24.73968,138.492884,0.912668,down
UCR_2422413671_Myrtaceae_Eucalyptus_cladocalyx.jpg,29.7008,151.7451,25.9584,4548,5707,25.955436,141.854979,0.934824,down
UCR_2422413671_Myrtaceae_Eucalyptus_cladocalyx.jpg,29.7008,151.7451,26.3511,4582,5750,26.3465,142.91963,0.94184,down
UCR_2422413671_Myrtaceae_Eucalyptus_cladocalyx.jpg,29.7008,151.7451,29.7008,4865,6105,29.700825,151.7451,1.0,native
UCR_2422413671_Myrtaceae_Eucalyptus_cladocalyx.jpg,29.7008,151.7451,29.7774,4871,6113,29.776423,151.938097,1.001272,up
UCR_2422413671_Myrtaceae_Eucalyptus_cladocalyx.jpg,29.7008,151.7451,30.3831,4921,6175,30.387175,153.488409,1.011488,up
UCR_2422413671_Myrtaceae_Eucalyptus_cladocalyx.jpg,29.7008,151.7451,32.2812,5072,6365,32.28328,158.204651,1.042568,up
UCR_2422413671_Myrtaceae_Eucalyptus_cladocalyx.jpg,29.7008,151.7451,33.696,5182,6503,33.698546,161.635221,1.065176,up
UCR_2422413671_Myrtaceae_Eucalyptus_cladocalyx.jpg,29.7008,151.7451,34.823,5268,6611,34.826748,164.318659,1.08286,up
UCR_2422413671_Myrtaceae_Eucalyptus_cladocalyx.jpg,29.7008,151.7451,36.015,5357,6723,36.015111,167.098595,1.10118,up
UCR_2422413671_Myrtaceae_Eucalyptus_cladocalyx.jpg,29.7008,151.7451,37.5,5467,6860,37.50362,170.516737,1.123705,up
UCR_2422413671_Myrtaceae_Eucalyptus_cladocalyx.jpg,29.7008,151.7451,38.5599,5543,6956,38.557108,172.895084,1.139378,up
FLAS_1457778078_Lamiaceae_Clerodendrum_laevifolium.jpg,29.7774,158.7821,1.0,835,1197,0.999495,29.090311,0.183209,down
FLAS_1457778078_Lamiaceae_Clerodendrum_laevifolium.jpg,29.7774,158.7821,1.9591,1169,1676,1.959244,40.728866,0.256508,down
FLAS_1457778078_Lamiaceae_Clerodendrum_laevifolium.jpg,29.7774,158.7821,3.838,1636,2345,3.83642,56.992948,0.358938,down
FLAS_1457778078_Lamiaceae_Clerodendrum_laevifolium.jpg,29.7774,158.7821,7.5189,2290,3283,7.51807,79.78316,0.502469,down
FLAS_1457778078_Lamiaceae_Clerodendrum_laevifolium.jpg,29.7774,158.7821,14.73,3206,4595,14.73157,111.681842,0.703365,down
FLAS_1457778078_Lamiaceae_Clerodendrum_laevifolium.jpg,29.7774,158.7821,15.915,3332,4776,15.913632,116.076073,0.73104,down
FLAS_1457778078_Lamiaceae_Clerodendrum_laevifolium.jpg,29.7774,158.7821,17.225,3467,4969,17.227523,120.772893,0.76062,down
FLAS_1457778078_Lamiaceae_Clerodendrum_laevifolium.jpg,29.7774,158.7821,18.57,3599,5159,18.567241,125.381003,0.789642,down
FLAS_1457778078_Lamiaceae_Clerodendrum_laevifolium.jpg,29.7774,158.7821,19.815,3718,5329,19.813222,129.519633,0.815707,down
FLAS_1457778078_Lamiaceae_Clerodendrum_laevifolium.jpg,29.7774,158.7821,21.0263,3830,5490,21.0267,133.426966,0.840315,down
FLAS_1457778078_Lamiaceae_Clerodendrum_laevifolium.jpg,29.7774,158.7821,22.1184,3928,5630,22.11464,136.83525,0.86178,down
FLAS_1457778078_Lamiaceae_Clerodendrum_laevifolium.jpg,29.7774,158.7821,23.736,4069,5833,23.734477,141.7581,0.892784,down
FLAS_1457778078_Lamiaceae_Clerodendrum_laevifolium.jpg,29.7774,158.7821,24.74,4155,5955,24.743025,144.738627,0.911555,down
FLAS_1457778078_Lamiaceae_Clerodendrum_laevifolium.jpg,29.7774,158.7821,25.9584,4256,6100,25.9616,148.259926,0.933732,down
FLAS_1457778078_Lamiaceae_Clerodendrum_laevifolium.jpg,29.7774,158.7821,26.3511,4288,6146,26.354048,149.376307,0.940763,down
FLAS_1457778078_Lamiaceae_Clerodendrum_laevifolium.jpg,29.7774,158.7821,29.7008,4552,6525,29.7018,158.580374,0.99873,down
FLAS_1457778078_Lamiaceae_Clerodendrum_laevifolium.jpg,29.7774,158.7821,29.7774,4558,6533,29.777414,158.7821,1.0,native
FLAS_1457778078_Lamiaceae_Clerodendrum_laevifolium.jpg,29.7774,158.7821,30.3831,4604,6599,30.381796,160.385379,1.010097,up
FLAS_1457778078_Lamiaceae_Clerodendrum_laevifolium.jpg,29.7774,158.7821,32.2812,4746,6802,32.282292,165.325648,1.041211,up
FLAS_1457778078_Lamiaceae_Clerodendrum_laevifolium.jpg,29.7774,158.7821,33.696,4849,6950,33.70055,168.918239,1.063837,up
FLAS_1457778078_Lamiaceae_Clerodendrum_laevifolium.jpg,29.7774,158.7821,34.823,4929,7065,34.823385,171.709192,1.081414,up
FLAS_1457778078_Lamiaceae_Clerodendrum_laevifolium.jpg,29.7774,158.7821,36.015,5013,7185,36.018405,174.630578,1.099813,up
FLAS_1457778078_Lamiaceae_Clerodendrum_laevifolium.jpg,29.7774,158.7821,37.5,5115,7331,37.498065,178.181447,1.122176,up
FLAS_1457778078_Lamiaceae_Clerodendrum_laevifolium.jpg,29.7774,158.7821,38.5599,5187,7434,38.560158,180.687228,1.137957,up
SD_3125143346_Malvaceae_Malacothamnus_enigmaticus.jpg,30.3831,161.1363,1.0,853,1172,0.999716,29.229098,0.181394,down
SD_3125143346_Malvaceae_Malacothamnus_enigmaticus.jpg,30.3831,161.1363,1.9591,1194,1640,1.95816,40.907334,0.253868,down
SD_3125143346_Malvaceae_Malacothamnus_enigmaticus.jpg,30.3831,161.1363,3.838,1672,2296,3.838912,57.277119,0.355458,down
SD_3125143346_Malvaceae_Malacothamnus_enigmaticus.jpg,30.3831,161.1363,7.5189,2340,3213,7.51842,80.156802,0.497447,down
SD_3125143346_Malvaceae_Malacothamnus_enigmaticus.jpg,30.3831,161.1363,14.73,3275,4497,14.727675,112.187426,0.696227,down
SD_3125143346_Malvaceae_Malacothamnus_enigmaticus.jpg,30.3831,161.1363,15.915,3405,4675,15.918375,116.634345,0.723824,down
SD_3125143346_Malvaceae_Malacothamnus_enigmaticus.jpg,30.3831,161.1363,17.225,3542,4863,17.224746,121.325894,0.75294,down
SD_3125143346_Malvaceae_Malacothamnus_enigmaticus.jpg,30.3831,161.1363,18.57,3678,5050,18.5739,125.987843,0.781871,down
SD_3125143346_Malvaceae_Malacothamnus_enigmaticus.jpg,30.3831,161.1363,19.815,3799,5216,19.815584,130.130928,0.807583,down
SD_3125143346_Malvaceae_Malacothamnus_enigmaticus.jpg,30.3831,161.1363,21.0263,3913,5373,21.024549,134.041856,0.831854,down
SD_3125143346_Malvaceae_Malacothamnus_enigmaticus.jpg,30.3831,161.1363,22.1184,4014,5511,22.121154,137.493123,0.853272,down
SD_3125143346_Malvaceae_Malacothamnus_enigmaticus.jpg,30.3831,161.1363,23.736,4158,5709,23.738022,142.429304,0.883906,down
SD_3125143346_Malvaceae_Malacothamnus_enigmaticus.jpg,30.3831,161.1363,24.74,4245,5828,24.73986,145.403783,0.902365,down
SD_3125143346_Malvaceae_Malacothamnus_enigmaticus.jpg,30.3831,161.1363,25.9584,4348,5970,25.95756,148.939202,0.924306,down
SD_3125143346_Malvaceae_Malacothamnus_enigmaticus.jpg,30.3831,161.1363,26.3511,4381,6015,26.351715,150.065732,0.931297,down
SD_3125143346_Malvaceae_Malacothamnus_enigmaticus.jpg,30.3831,161.1363,29.7008,4651,6386,29.701286,159.317952,0.988715,down
SD_3125143346_Malvaceae_Malacothamnus_enigmaticus.jpg,30.3831,161.1363,29.7774,4657,6394,29.776858,159.520508,0.989973,down
SD_3125143346_Malvaceae_Malacothamnus_enigmaticus.jpg,30.3831,161.1363,30.3831,4704,6459,30.383136,161.1363,1.0,native
SD_3125143346_Malvaceae_Malacothamnus_enigmaticus.jpg,30.3831,161.1363,32.2812,4849,6658,32.284642,166.102082,1.030817,up
SD_3125143346_Malvaceae_Malacothamnus_enigmaticus.jpg,30.3831,161.1363,33.696,4954,6802,33.697108,169.696702,1.053125,up
SD_3125143346_Malvaceae_Malacothamnus_enigmaticus.jpg,30.3831,161.1363,34.823,5036,6915,34.82394,172.510702,1.070589,up
SD_3125143346_Malvaceae_Malacothamnus_enigmaticus.jpg,30.3831,161.1363,36.015,5121,7032,36.010872,175.425978,1.088681,up
SD_3125143346_Malvaceae_Malacothamnus_enigmaticus.jpg,30.3831,161.1363,37.5,5226,7176,37.501776,179.020599,1.110989,up
SD_3125143346_Malvaceae_Malacothamnus_enigmaticus.jpg,30.3831,161.1363,38.5599,5299,7276,38.555524,181.518291,1.126489,up
DAV_2421708402_Brassicaceae_Lepidium_nitidum.jpg,32.2812,157.4854,1.0,808,1238,1.000304,27.722455,0.176032,down
DAV_2421708402_Brassicaceae_Lepidium_nitidum.jpg,32.2812,157.4854,1.9591,1130,1733,1.95829,38.788607,0.2463,down
DAV_2421708402_Brassicaceae_Lepidium_nitidum.jpg,32.2812,157.4854,3.838,1582,2426,3.837932,54.301811,0.344805,down
DAV_2421708402_Brassicaceae_Lepidium_nitidum.jpg,32.2812,157.4854,7.5189,2214,3396,7.518744,76.004329,0.482612,down
DAV_2421708402_Brassicaceae_Lepidium_nitidum.jpg,32.2812,157.4854,14.73,3099,4753,14.729547,106.380095,0.675492,down
DAV_2421708402_Brassicaceae_Lepidium_nitidum.jpg,32.2812,157.4854,15.915,3221,4940,15.91174,110.566743,0.702076,down
DAV_2421708402_Brassicaceae_Lepidium_nitidum.jpg,32.2812,157.4854,17.225,3351,5140,17.22414,115.03618,0.730456,down
DAV_2421708402_Brassicaceae_Lepidium_nitidum.jpg,32.2812,157.4854,18.57,3480,5337,18.57276,119.454881,0.758514,down
DAV_2421708402_Brassicaceae_Lepidium_nitidum.jpg,32.2812,157.4854,19.815,3595,5512,19.81564,123.387092,0.783483,down
DAV_2421708402_Brassicaceae_Lepidium_nitidum.jpg,32.2812,157.4854,21.0263,3703,5678,21.025634,127.098442,0.807049,down
DAV_2421708402_Brassicaceae_Lepidium_nitidum.jpg,32.2812,157.4854,22.1184,3798,5824,22.119552,130.362848,0.827777,down
DAV_2421708402_Brassicaceae_Lepidium_nitidum.jpg,32.2812,157.4854,23.736,3934,6033,23.733822,135.035986,0.857451,down
DAV_2421708402_Brassicaceae_Lepidium_nitidum.jpg,32.2812,157.4854,24.74,4017,6160,24.74472,137.881802,0.875521,down
DAV_2421708402_Brassicaceae_Lepidium_nitidum.jpg,32.2812,157.4854,25.9584,4114,6309,25.955226,141.214107,0.896681,down
DAV_2421708402_Brassicaceae_Lepidium_nitidum.jpg,32.2812,157.4854,26.3511,4145,6357,26.349765,142.28334,0.90347,down
DAV_2421708402_Brassicaceae_Lepidium_nitidum.jpg,32.2812,157.4854,29.7008,4401,6749,29.702349,151.064033,0.959226,down
DAV_2421708402_Brassicaceae_Lepidium_nitidum.jpg,32.2812,157.4854,29.7774,4406,6758,29.775748,151.250569,0.96041,down
DAV_2421708402_Brassicaceae_Lepidium_nitidum.jpg,32.2812,157.4854,30.3831,4451,6826,30.382526,152.783909,0.970146,down
DAV_2421708402_Brassicaceae_Lepidium_nitidum.jpg,32.2812,157.4854,32.2812,4588,7036,32.281168,157.4854,1.0,native
DAV_2421708402_Brassicaceae_Lepidium_nitidum.jpg,32.2812,157.4854,33.696,4687,7189,33.694843,160.896796,1.021662,up
DAV_2421708402_Brassicaceae_Lepidium_nitidum.jpg,32.2812,157.4854,34.823,4765,7308,34.82262,163.567268,1.038619,up
DAV_2421708402_Brassicaceae_Lepidium_nitidum.jpg,32.2812,157.4854,36.015,4846,7432,36.015472,166.345185,1.056258,up
DAV_2421708402_Brassicaceae_Lepidium_nitidum.jpg,32.2812,157.4854,37.5,4945,7583,37.497935,169.734198,1.077777,up
DAV_2421708402_Brassicaceae_Lepidium_nitidum.jpg,32.2812,157.4854,38.5599,5014,7690,38.55766,172.115908,1.092901,up
NY_1928046035_Burseraceae_Protium_leptostachyum.jpg,33.696,154.9506,1.0,827,1209,0.999843,26.691316,0.172257,down
NY_1928046035_Burseraceae_Protium_leptostachyum.jpg,33.696,154.9506,1.9591,1157,1693,1.958801,37.359344,0.241105,down
NY_1928046035_Burseraceae_Protium_leptostachyum.jpg,33.696,154.9506,3.838,1620,2369,3.83778,52.293068,0.337482,down
NY_1928046035_Burseraceae_Protium_leptostachyum.jpg,33.696,154.9506,7.5189,2267,3316,7.517372,73.187533,0.472328,down
NY_1928046035_Burseraceae_Protium_leptostachyum.jpg,33.696,154.9506,14.73,3174,4641,14.730534,102.450323,0.661181,down
NY_1928046035_Burseraceae_Protium_leptostachyum.jpg,33.696,154.9506,15.915,3299,4824,15.914376,106.487565,0.687236,down
NY_1928046035_Burseraceae_Protium_leptostachyum.jpg,33.696,154.9506,17.225,3432,5019,17.225208,110.786368,0.714979,down
NY_1928046035_Burseraceae_Protium_leptostachyum.jpg,33.696,154.9506,18.57,3563,5211,18.566793,115.019781,0.7423,down
NY_1928046035_Burseraceae_Protium_leptostachyum.jpg,33.696,154.9506,19.815,3681,5383,19.814823,118.822637,0.766842,down
NY_1928046035_Burseraceae_Protium_leptostachyum.jpg,33.696,154.9506,21.0263,3792,5545,21.02664,122.402145,0.789943,down
NY_1928046035_Burseraceae_Protium_leptostachyum.jpg,33.696,154.9506,22.1184,3889,5688,22.120632,125.545992,0.810232,down
NY_1928046035_Burseraceae_Protium_leptostachyum.jpg,33.696,154.9506,23.736,4029,5892,23.738868,130.057107,0.839346,down
NY_1928046035_Burseraceae_Protium_leptostachyum.jpg,33.696,154.9506,24.74,4113,6015,24.739695,132.770398,0.856856,down
NY_1928046035_Burseraceae_Protium_leptostachyum.jpg,33.696,154.9506,25.9584,4213,6162,25.960506,136.006813,0.877743,down
NY_1928046035_Burseraceae_Protium_leptostachyum.jpg,33.696,154.9506,26.3511,4245,6208,26.35296,137.030988,0.884353,down
NY_1928046035_Burseraceae_Protium_leptostachyum.jpg,33.696,154.9506,29.7008,4506,6591,29.699046,145.470636,0.938819,down
NY_1928046035_Burseraceae_Protium_leptostachyum.jpg,33.696,154.9506,29.7774,4512,6599,29.774688,145.655771,0.940014,down
NY_1928046035_Burseraceae_Protium_leptostachyum.jpg,33.696,154.9506,30.3831,4558,6666,30.383628,147.13768,0.949578,down
NY_1928046035_Burseraceae_Protium_leptostachyum.jpg,33.696,154.9506,32.2812,4698,6871,32.279958,151.659831,0.978762,down
NY_1928046035_Burseraceae_Protium_leptostachyum.jpg,33.696,154.9506,33.696,4800,7020,33.696,154.9506,1.0,native
NY_1928046035_Burseraceae_Protium_leptostachyum.jpg,33.696,154.9506,34.823,4880,7136,34.82368,157.522073,1.016595,up
NY_1928046035_Burseraceae_Protium_leptostachyum.jpg,33.696,154.9506,36.015,4962,7258,36.014196,160.192046,1.033827,up
NY_1928046035_Burseraceae_Protium_leptostachyum.jpg,33.696,154.9506,37.5,5064,7406,37.503984,163.471779,1.054993,up
NY_1928046035_Burseraceae_Protium_leptostachyum.jpg,33.696,154.9506,38.5599,5135,7510,38.56385,165.76555,1.069796,up
NY_1928197803_Rubiaceae_Bobea_brevipes.jpg,34.823,158.0325,1.0,822,1217,1.000374,26.785177,0.169492,down
NY_1928197803_Rubiaceae_Bobea_brevipes.jpg,34.823,158.0325,1.9591,1150,1703,1.95845,37.477409,0.23715,down
NY_1928197803_Rubiaceae_Bobea_brevipes.jpg,34.823,158.0325,3.838,1610,2384,3.83824,52.466172,0.331996,down
NY_1928197803_Rubiaceae_Bobea_brevipes.jpg,34.823,158.0325,7.5189,2254,3336,7.519344,73.435033,0.464683,down
NY_1928197803_Rubiaceae_Bobea_brevipes.jpg,34.823,158.0325,14.73,3154,4670,14.72918,102.778578,0.650364,down
NY_1928197803_Rubiaceae_Bobea_brevipes.jpg,34.823,158.0325,15.915,3279,4854,15.916266,106.840008,0.676064,down
NY_1928197803_Rubiaceae_Bobea_brevipes.jpg,34.823,158.0325,17.225,3411,5050,17.22555,111.147543,0.703321,down
NY_1928197803_Rubiaceae_Bobea_brevipes.jpg,34.823,158.0325,18.57,3542,5243,18.570706,115.405771,0.730266,down
NY_1928197803_Rubiaceae_Bobea_brevipes.jpg,34.823,158.0325,19.815,3659,5416,19.817144,119.215809,0.754375,down
NY_1928197803_Rubiaceae_Bobea_brevipes.jpg,34.823,158.0325,21.0263,3769,5579,21.027251,122.801754,0.777066,down
NY_1928197803_Rubiaceae_Bobea_brevipes.jpg,34.823,158.0325,22.1184,3865,5722,22.11553,125.939509,0.796922,down
NY_1928197803_Rubiaceae_Bobea_brevipes.jpg,34.823,158.0325,23.736,4004,5928,23.735712,130.471138,0.825597,down
NY_1928197803_Rubiaceae_Bobea_brevipes.jpg,34.823,158.0325,24.74,4088,6052,24.740576,133.204293,0.842892,down
NY_1928197803_Rubiaceae_Bobea_brevipes.jpg,34.823,158.0325,25.9584,4187,6199,25.955213,136.434944,0.863335,down
NY_1928197803_Rubiaceae_Bobea_brevipes.jpg,34.823,158.0325,26.3511,4219,6246,26.351874,137.473526,0.869907,down
NY_1928197803_Rubiaceae_Bobea_brevipes.jpg,34.823,158.0325,29.7008,4479,6631,29.700249,145.946392,0.923521,down
NY_1928197803_Rubiaceae_Bobea_brevipes.jpg,34.823,158.0325,29.7774,4485,6639,29.775915,146.132185,0.924697,down
NY_1928197803_Rubiaceae_Bobea_brevipes.jpg,34.823,158.0325,30.3831,4530,6707,30.38271,147.613668,0.934072,down
NY_1928197803_Rubiaceae_Bobea_brevipes.jpg,34.823,158.0325,32.2812,4670,6913,32.28371,152.16159,0.96285,down
NY_1928197803_Rubiaceae_Bobea_brevipes.jpg,34.823,158.0325,33.696,4771,7063,33.697573,155.45784,0.983708,down
NY_1928197803_Rubiaceae_Bobea_brevipes.jpg,34.823,158.0325,34.823,4850,7180,34.823,158.0325,1.0,native
NY_1928197803_Rubiaceae_Bobea_brevipes.jpg,34.823,158.0325,36.015,4932,7302,36.013464,160.711061,1.016949,up
NY_1928197803_Rubiaceae_Bobea_brevipes.jpg,34.823,158.0325,37.5,5033,7451,37.500883,163.996306,1.037738,up
NY_1928197803_Rubiaceae_Bobea_brevipes.jpg,34.823,158.0325,38.5599,5104,7555,38.56072,166.297564,1.0523,up
NY_1931288167_Asteraceae_Erigeron_elatus.jpg,36.015,159.0504,1.0,816,1225,0.9996,26.497578,0.166599,down
NY_1931288167_Asteraceae_Erigeron_elatus.jpg,36.015,159.0504,1.9591,1143,1714,1.959102,37.09553,0.233231,down
NY_1931288167_Asteraceae_Erigeron_elatus.jpg,36.015,159.0504,3.838,1600,2399,3.8384,51.924004,0.326463,down
NY_1931288167_Asteraceae_Erigeron_elatus.jpg,36.015,159.0504,7.5189,2239,3358,7.518562,72.670885,0.456905,down
NY_1931288167_Asteraceae_Erigeron_elatus.jpg,36.015,159.0504,14.73,3134,4701,14.732934,101.727337,0.639592,down
NY_1931288167_Asteraceae_Erigeron_elatus.jpg,36.015,159.0504,15.915,3257,4886,15.913702,105.725237,0.664728,down
NY_1931288167_Asteraceae_Erigeron_elatus.jpg,36.015,159.0504,17.225,3389,5083,17.226287,109.99904,0.691599,down
NY_1931288167_Asteraceae_Erigeron_elatus.jpg,36.015,159.0504,18.57,3519,5278,18.573282,114.218745,0.718129,down
NY_1931288167_Asteraceae_Erigeron_elatus.jpg,36.015,159.0504,19.815,3635,5452,19.81802,117.984019,0.741803,down
NY_1931288167_Asteraceae_Erigeron_elatus.jpg,36.015,159.0504,21.0263,3744,5616,21.026304,121.527489,0.764082,down
NY_1931288167_Asteraceae_Erigeron_elatus.jpg,36.015,159.0504,22.1184,3840,5760,22.1184,124.643579,0.783673,down
NY_1931288167_Asteraceae_Erigeron_elatus.jpg,36.015,159.0504,23.736,3978,5967,23.736726,129.122957,0.811837,down
NY_1931288167_Asteraceae_Erigeron_elatus.jpg,36.015,159.0504,24.74,4061,6092,24.739612,131.822486,0.82881,down
NY_1931288167_Asteraceae_Erigeron_elatus.jpg,36.015,159.0504,25.9584,4160,6240,25.9584,135.030544,0.84898,down
NY_1931288167_Asteraceae_Erigeron_elatus.jpg,36.015,159.0504,26.3511,4191,6287,26.348817,136.042191,0.85534,down
NY_1931288167_Asteraceae_Erigeron_elatus.jpg,36.015,159.0504,29.7008,4450,6675,29.70375,144.443731,0.908163,down
NY_1931288167_Asteraceae_Erigeron_elatus.jpg,36.015,159.0504,29.7774,4456,6683,29.779448,144.627666,0.90932,down
NY_1931288167_Asteraceae_Erigeron_elatus.jpg,36.015,159.0504,30.3831,4501,6751,30.386251,146.093743,0.918537,down
NY_1931288167_Asteraceae_Erigeron_elatus.jpg,36.015,159.0504,32.2812,4639,6959,32.282801,150.583942,0.946769,down
NY_1931288167_Asteraceae_Erigeron_elatus.jpg,36.015,159.0504,33.696,4740,7109,33.69666,153.846097,0.967279,down
NY_1931288167_Asteraceae_Erigeron_elatus.jpg,36.015,159.0504,34.823,4818,7227,34.819686,156.38874,0.983265,down
NY_1931288167_Asteraceae_Erigeron_elatus.jpg,36.015,159.0504,36.015,4900,7350,36.015,159.0504,1.0,native
NY_1931288167_Asteraceae_Erigeron_elatus.jpg,36.015,159.0504,37.5,5000,7500,37.5,162.296327,1.020408,up
NY_1931288167_Asteraceae_Erigeron_elatus.jpg,36.015,159.0504,38.5599,5070,7605,38.55735,164.568475,1.034694,up
MIN_2265570684_Moraceae_Ficus_callophylla.jpg,37.5,162.3227,1.0,816,1225,0.9996,26.501884,0.163267,down
MIN_2265570684_Moraceae_Ficus_callophylla.jpg,37.5,162.3227,1.9591,1143,1714,1.959102,37.101558,0.228567,down
MIN_2265570684_Moraceae_Ficus_callophylla.jpg,37.5,162.3227,3.838,1600,2399,3.8384,51.932441,0.319933,down
MIN_2265570684_Moraceae_Ficus_callophylla.jpg,37.5,162.3227,7.5189,2239,3358,7.518562,72.682694,0.447767,down
MIN_2265570684_Moraceae_Ficus_callophylla.jpg,37.5,162.3227,14.73,3134,4701,14.732934,101.743868,0.6268,down
MIN_2265570684_Moraceae_Ficus_callophylla.jpg,37.5,162.3227,15.915,3257,4886,15.913702,105.742417,0.651433,down
MIN_2265570684_Moraceae_Ficus_callophylla.jpg,37.5,162.3227,17.225,3389,5083,17.226287,110.016915,0.677767,down
MIN_2265570684_Moraceae_Ficus_callophylla.jpg,37.5,162.3227,18.57,3519,5278,18.573282,114.237305,0.703767,down
MIN_2265570684_Moraceae_Ficus_callophylla.jpg,37.5,162.3227,19.815,3635,5452,19.81802,118.003192,0.726967,down
MIN_2265570684_Moraceae_Ficus_callophylla.jpg,37.5,162.3227,21.0263,3744,5616,21.026304,121.547238,0.7488,down
MIN_2265570684_Moraceae_Ficus_callophylla.jpg,37.5,162.3227,22.1184,3840,5760,22.1184,124.663834,0.768,down
MIN_2265570684_Moraceae_Ficus_callophylla.jpg,37.5,162.3227,23.736,3978,5967,23.736726,129.14394,0.7956,down
MIN_2265570684_Moraceae_Ficus_callophylla.jpg,37.5,162.3227,24.74,4061,6092,24.739612,131.843908,0.812233,down
MIN_2265570684_Moraceae_Ficus_callophylla.jpg,37.5,162.3227,25.9584,4160,6240,25.9584,135.052486,0.832,down
MIN_2265570684_Moraceae_Ficus_callophylla.jpg,37.5,162.3227,26.3511,4191,6287,26.348817,136.064298,0.838233,down
MIN_2265570684_Moraceae_Ficus_callophylla.jpg,37.5,162.3227,29.7008,4450,6675,29.70375,144.467203,0.89,down
MIN_2265570684_Moraceae_Ficus_callophylla.jpg,37.5,162.3227,29.7774,4456,6683,29.779448,144.651168,0.891133,down
MIN_2265570684_Moraceae_Ficus_callophylla.jpg,37.5,162.3227,30.3831,4501,6751,30.386251,146.117484,0.900167,down
MIN_2265570684_Moraceae_Ficus_callophylla.jpg,37.5,162.3227,32.2812,4639,6959,32.282801,150.608412,0.927833,down
MIN_2265570684_Moraceae_Ficus_callophylla.jpg,37.5,162.3227,33.696,4740,7109,33.69666,153.871098,0.947933,down
MIN_2265570684_Moraceae_Ficus_callophylla.jpg,37.5,162.3227,34.823,4818,7227,34.819686,156.414154,0.9636,down
MIN_2265570684_Moraceae_Ficus_callophylla.jpg,37.5,162.3227,36.015,4900,7350,36.015,159.076246,0.98,down
MIN_2265570684_Moraceae_Ficus_callophylla.jpg,37.5,162.3227,37.5,5000,7500,37.5,162.3227,1.0,native
MIN_2265570684_Moraceae_Ficus_callophylla.jpg,37.5,162.3227,38.5599,5070,7605,38.55735,164.595218,1.014,up
BR_1839839931_Vitaceae_Cissus_dinklagei.jpg,38.5599,166.7042,1.0,830,1205,1.00015,26.847952,0.161051,down
BR_1839839931_Vitaceae_Cissus_dinklagei.jpg,38.5599,166.7042,1.9591,1162,1687,1.960294,37.587133,0.225472,down
BR_1839839931_Vitaceae_Cissus_dinklagei.jpg,38.5599,166.7042,3.838,1626,2361,3.838986,52.600135,0.31553,down
BR_1839839931_Vitaceae_Cissus_dinklagei.jpg,38.5599,166.7042,7.5189,2275,3304,7.5166,73.60195,0.441512,down
BR_1839839931_Vitaceae_Cissus_dinklagei.jpg,38.5599,166.7042,14.73,3185,4625,14.730625,103.036046,0.618077,down
BR_1839839931_Vitaceae_Cissus_dinklagei.jpg,38.5599,166.7042,15.915,3311,4807,15.915977,107.101425,0.642464,down
BR_1839839931_Vitaceae_Cissus_dinklagei.jpg,38.5599,166.7042,17.225,3444,5001,17.223444,111.4137,0.668332,down
BR_1839839931_Vitaceae_Cissus_dinklagei.jpg,38.5599,166.7042,18.57,3576,5193,18.570168,115.687521,0.693969,down
BR_1839839931_Vitaceae_Cissus_dinklagei.jpg,38.5599,166.7042,19.815,3694,5364,19.814616,119.500969,0.716844,down
BR_1839839931_Vitaceae_Cissus_dinklagei.jpg,38.5599,166.7042,21.0263,3805,5526,21.02643,123.10094,0.738439,down
BR_1839839931_Vitaceae_Cissus_dinklagei.jpg,38.5599,166.7042,22.1184,3903,5667,22.118301,126.256713,0.75737,down
BR_1839839931_Vitaceae_Cissus_dinklagei.jpg,38.5599,166.7042,23.736,4043,5871,23.736453,130.793605,0.784585,down
BR_1839839931_Vitaceae_Cissus_dinklagei.jpg,38.5599,166.7042,24.74,4128,5994,24.743232,133.538598,0.801051,down
BR_1839839931_Vitaceae_Cissus_dinklagei.jpg,38.5599,166.7042,25.9584,4228,6140,25.95992,136.782417,0.82051,down
BR_1839839931_Vitaceae_Cissus_dinklagei.jpg,38.5599,166.7042,26.3511,4260,6186,26.35236,137.812419,0.826688,down
BR_1839839931_Vitaceae_Cissus_dinklagei.jpg,38.5599,166.7042,29.7008,4522,6567,29.695974,146.294293,0.877568,down
BR_1839839931_Vitaceae_Cissus_dinklagei.jpg,38.5599,166.7042,29.7774,4528,6576,29.776128,146.491596,0.878752,down
BR_1839839931_Vitaceae_Cissus_dinklagei.jpg,38.5599,166.7042,30.3831,4574,6642,30.380508,147.970831,0.887625,down
BR_1839839931_Vitaceae_Cissus_dinklagei.jpg,38.5599,166.7042,32.2812,4715,6847,32.283605,152.535037,0.915004,down
BR_1839839931_Vitaceae_Cissus_dinklagei.jpg,38.5599,166.7042,33.696,4817,6995,33.694915,155.833484,0.93479,down
BR_1839839931_Vitaceae_Cissus_dinklagei.jpg,38.5599,166.7042,34.823,4897,7111,34.822567,158.419628,0.950304,down
BR_1839839931_Vitaceae_Cissus_dinklagei.jpg,38.5599,166.7042,36.015,4980,7232,36.01536,161.109993,0.966442,down
BR_1839839931_Vitaceae_Cissus_dinklagei.jpg,38.5599,166.7042,37.5,5082,7379,37.500078,164.397301,0.986162,down
BR_1839839931_Vitaceae_Cissus_dinklagei.jpg,38.5599,166.7042,38.5599,5153,7483,38.559899,166.7042,1.0,native
